common_name,species_name,sample_ID,Batch_ID,Type,group,season,Date,Year,Project,site,TL_cm,SL_cm,Weight_kg,d13C,d15N,d34S,N%,C%,S%,CN_molar_ratio,CS_molar_ratio,WSU_ID_CN,WSU_ID_S,WSU_ID_C,WSU_ID_N,,,
Centropomus undecimalis,Snook,58414,191210_Massie(34S)+EA7,finclip,predator,,2012-02-13,2012,MAP,TB3B1,71,59,2.575,-25.32,12.33,NA,7.34,27.78,NA,4.42,,,,,,,,
Centropomus undecimalis,gt5,58418,191210_Massie(34S)+EA7,finclip,predator,,2012-02-13,2012,MAP,TB3,79,71,4.167,-22.7,12.66,7.22,6.99,24.32,0.444,4.06,,,,,,,,
Centropomus undecimalis,Snook,58427,191210_Massie(34S)+EA7,finclip,predator,,2012-02-13,2012,MAP,TB3,81,72,4.798,-19.19,12.91,10.42,7.49,26.3,0.499,4.1,,,,,,,,
Centropomus undecimalis,Snook,58408,191210_Massie(34S)+EA7,finclip,predator,,2012-02-18,2012,MAP,TB2B3,90,75,>1.0,-21.55,12.8,NA,6.97,22.07,NA,3.69,,,,,,,,
Centropomus undecimalis,Snook,58430,191210_Massie(34S)+EA7,finclip,predator,,2012-02-19,2012,MAP,TB3B2,57,48,1.364,-27.88,3.32,NA,20.91,47.44,NA,2.65,,,,,,,,
Centropomus undecimalis,Snook,58411,191210_Massie(34S)+EA7,finclip,predator,,2012-03-05,2012,MAP,TB3B2,56.6,47,1.226,-24.31,8.57,NA,8.22,27.33,NA,3.88,,,,,,,,
Centropomus undecimalis,Snook,58416,191210_Massie(34S)+EA7,finclip,predator,,2012-03-05,2012,MAP,TB3B2,59,50,1.549,-27.22,10.25,0.29,8.58,28.78,0.35,3.91,,,,,,,,
Centropomus undecimalis,Snook,58417,191210_Massie(34S)+EA7,finclip,predator,,2012-03-05,2012,MAP,TB3B2,81,68,>5,-18.58,12.48,7.87,8.58,26.55,0.414,3.61,,,,,,,,
Centropomus undecimalis,Snook,51306,191210_Massie(34S)+EA7,finclip,predator,,2012-03-19,2012,MAP,RB8B2,67.5,56,2.348,-26.79,12.74,23.82,7.23,24.44,0.442,3.95,,,,,,,,
Centropomus undecimalis,Snook,51310,191210_Massie(34S)+EA7,finclip,predator,,2012-03-19,2012,MAP,RB13B2,65,53,2.205,-25.79,11.33,17.4,10.12,33.11,0.582,3.82,,,,,,,,
Centropomus undecimalis,Snook,51309,191210_Massie(34S)+EA7,finclip,predator,,2012-03-24,2012,MAP,TB4B2,72,60,2.863,-25.46,10.22,7.07,8.5,28.69,0.5,3.94,,,,,,,,
Centropomus undecimalis,Snook,51308,191210_Massie(34S)+EA7,finclip,predator,,2012-04-13,2012,MAP,RB10B1,63,51.5,1.698,-27.48,13,25.95,7.41,25.18,0.473,3.96,,,,,,,,
Centropomus undecimalis,Snook,51324,191210_Massie(34S)+EA7,finclip,predator,,2012-04-14,2012,MAP,N 513067 E 2815974,81.5,67.5,3.768,-25.15,13.19,21.86,9.33,29.78,0.574,3.72,,,,,,,,
Centropomus undecimalis,Snook,51325,191210_Massie(34S)+EA7,finclip,predator,,2012-04-14,2012,MAP,RB9B3,56.5,46.5,1.623,-26.83,8.99,NA,6.99,18.63,NA,3.11,,,,,,,,
Centropomus undecimalis,Snook,51326,191210_Massie(34S)+EA7,finclip,predator,,2012-04-14,2012,MAP,RB9B2,80,67,3.963,-26.66,12.61,21.51,9.57,30.78,0.472,3.75,,,,,,,,
Centropomus undecimalis,Snook,51323,191210_Massie(34S)+EA7,finclip,predator,,2012-04-15,2012,MAP,N 513009 E 2815937,76,63,2.998,-25.51,12.87,NA,9.06,30.44,NA,3.92,,,,,,,,
Centropomus undecimalis,Snook,58412,191210_Massie(34S)+EA7,finclip,predator,,2012-04-15,2012,MAP,N 512770 E2815881,66,54.5,2.219,-27.91,12.55,20.39,9.72,33.1,2.048,3.97,,,,,,,,
Centropomus undecimalis,Snook,51321,191210_Massie(34S)+EA7,finclip,predator,,2012-05-05,2012,MAP,RB7B3,82,69.5,>5.00,-24.69,13.67,19.4,8.72,28.15,0.5,3.77,,,,,,,,
Centropomus undecimalis,Snook,51322,191210_Massie(34S)+EA7,finclip,predator,,2012-05-05,2012,MAP,RB12B3,60.5,49,1.82,-28,11.24,29.08,9.89,34.77,0.539,4.1,,,,,,,,
Centropomus undecimalis,Snook,58419,191210_Massie(34S)+EA7,finclip,predator,,2012-05-05,2012,MAP,N 513032 E 2815937,72.5,60,TOO BIG,-27.05,12.58,26.65,8.16,27.69,0.53,3.96,,,,,,,,
Centropomus undecimalis,Snook,58424,191210_Massie(34S)+EA7,finclip,predator,,2012-05-05,2012,MAP,N 512566 E 2815764,58,46,1.284,-27.63,11.55,NA,7.31,28.81,NA,4.6,,,,,,,,
Centropomus undecimalis,Snook,51311,191210_Massie(34S)+EA7,finclip,predator,,2012-06-26,2012,MAP,RB10B1,68,58,2.301,-27.33,12.82,25.35,7.78,26.79,0.431,4.02,,,,,,,,
Centropomus undecimalis,Snook,51313,191210_Massie(34S)+EA7,finclip,predator,,2012-06-26,2012,MAP,RB8B1,72,59,2.74,-27.16,12.84,26.57,9.25,30.19,0.48,3.81,,,,,,,,
Centropomus undecimalis,Snook,51318,191210_Massie(34S)+EA7,finclip,predator,,2012-06-26,2012,MAP,RB10B1,59.5,49.2,1.473,-25.48,10.07,NA,6.31,23.85,NA,4.41,,,,,,,,
Centropomus undecimalis,Snook,51312,191210_Massie(34S)+EA7,finclip,predator,,2012-09-25,2012,MAP,TB2B3,72,62,2.62,-23.68,11.18,6.97,8.26,27.19,0.471,3.84,** REMEMBER same tag # on different fish ,,,,,,,
Centropomus undecimalis,Snook,51319,191210_Massie(34S)+EA7,finclip,predator,,2013-02-23,2013,MAP,RB8B2,74,60.5,3.522,-27.18,12.11,25.33,9.74,33.62,0.485,4.03,,,,,,,,
Centropomus undecimalis,Snook,32913,191210_Massie(34S)+EA7,finclip,predator,,2013-04-21,2013,MAP,RB10B1,74,61.8,3.194,-26.34,12.75,NA,8.58,27.19,NA,3.7,,,,,,,,
Centropomus undecimalis,Snook,32911,191210_Massie(34S)+EA7,finclip,predator,,2013-06-26,2013,MAP,RB14B2,67,56,2.178,-25.75,12.66,13.51,8.33,27.59,0.456,3.86,,,,,,,,
Centropomus undecimalis,Snook,32902,191210_Massie(34S)+EA7,finclip,predator,,2013-06-27,2013,MAP,TB3B1,82,69.6,3.904,-24.55,12.05,5.96,8.44,26.8,0.404,3.7,,,,,,,,
Centropomus undecimalis,Snook,32895,191210_Massie(34S)+EA7,finclip,predator,,2013-12-02,2013,MAP,TB4B3,72.6,60,2.671,-25.76,10.56,NA,6.93,28.81,NA,4.85,,,,,,,,
Centropomus undecimalis,Snook,32893,191210_Massie(34S)+EA7,finclip,predator,,2014-01-21,2014,MAP,RB10B3,71.4,60,2.73,-25.9,12.73,22.58,8.3,27.29,0.458,3.84,,,,,,,,
Centropomus undecimalis,Snook,32904,191210_Massie(34S)+EA7,finclip,predator,,2014-01-21,2014,MAP,RB9B1,67.5,55.2,2.212,-25.99,12.37,17.75,8.45,28.15,0.466,3.89,,,,,,,,
Centropomus undecimalis,Snook,32897,191210_Massie(34S)+EA7,finclip,predator,,2014-01-23,2014,MAP,RB14B3,74.2,59,2.78,-26.21,9.62,NA,6.4,9.49,NA,1.73,,,,,,,,
Centropomus undecimalis,Snook,32894,191210_Massie(34S)+EA7,finclip,predator,,2014-02-24,2014,MAP,TB4B1,86,74,TOO BIG,-18.25,13.05,9.8,8.52,27.24,0.528,3.73,,,,,,,,
Centropomus undecimalis,Snook,32900,191210_Massie(34S)+EA7,finclip,predator,,2014-03-22,2014,MAP,RB8B2,66.6,55.3,2.382,-26.62,12.23,NA,6.9,23.47,NA,3.97,,,,,,,,
Centropomus undecimalis,Snook,25077,191210_Massie(34S)+EA7,finclip,predator,,2014-04-27,2014,MAP,RB18B1,85.5,72.3,TOO BIG TO WEIGH,-24.84,11.97,14.03,7.83,26.49,0.471,3.95,,,,,,,,
Centropomus undecimalis,Snook,25079,191210_Massie(34S)+EA7,finclip,predator,,2014-04-27,2014,MAP,RB12B3,71.9,59.5,2.772,-25.72,12.01,21.46,7.43,25.37,0.429,3.98,,,,,,,,
Centropomus undecimalis,Snook,25082,191210_Massie(34S)+EA7,finclip,predator,,2014-04-27,2014,MAP,RB12B2,76,63.2,3.089,-23.06,12.07,18.5,7.87,25.65,0.462,3.8,,,,,,,,
Centropomus undecimalis,Snook,25083,191210_Massie(34S)+EA7,finclip,predator,,2014-05-05,2014,MAP,RB10B1,71.6,59.9,3.482,-27.35,11.5,24.13,9.39,32.68,0.354,4.06,,,,,,,,
Centropomus undecimalis,Snook,25078,191210_Massie(34S)+EA7,finclip,predator,,2014-05-31,2014,MAP,RB10B1,83.4,72,>5 kg,-24.7,12.33,17.67,8.63,27.17,0.53,3.67,,,,,,,,
Centropomus undecimalis,Snook,25080,191210_Massie(34S)+EA7,finclip,predator,,2014-05-31,2014,MAP,RB13B2,79.3,67.1,3.872,-25.63,12.52,21.37,7.79,24.32,0.358,3.64,,,,,,,,
Centropomus undecimalis,Snook,25085,191210_Massie(34S)+EA7,finclip,predator,,2014-05-31,2014,MAP,RB10B3,68,56.2,2.251,-25.64,11.36,NA,6.05,20.54,NA,3.96,,,,,,,,
Centropomus undecimalis,Snook,25086,191210_Massie(34S)+EA7,finclip,predator,,2014-05-31,2014,MAP,RB9B1,68,55.5,2.051,-25.74,12.34,16.48,7.99,25.47,0.352,3.72,,,,,,,,
Centropomus undecimalis,Snook,25088,191210_Massie(34S)+EA7,finclip,predator,,2014-07-09,2014,MAP,RB10B1,68,57.5,2.253,-25.87,13.06,23.31,6.7,22.69,0.297,3.95,,,,,,,,
Centropomus undecimalis,Snook,25090,191210_Massie(34S)+EA7,finclip,predator,,2014-07-09,2014,MAP,RB10B1,73,62,3.089,-25.96,12.29,21.42,7.09,24.24,0.328,3.99,,,,,,,,
Centropomus undecimalis,Snook,23093,191210_Massie(34S)+EA7,finclip,predator,,2015-03-03,2015,MAP,RB8B3,80,71.5,>5 KG,-26.07,13.48,NA,8.86,28.33,NA,3.73,,,,,,,,
Centropomus undecimalis,Snook,23090,191210_Massie(34S)+EA7,finclip,predator,,2015-03-04,2015,MAP,RB9B1,65.3,54.1,2.088,-26.85,12.28,22.3,7.5,25.81,0.416,4.01,,,,,,,,
Centropomus undecimalis,Snook,23086,191210_Massie(34S)+EA7,finclip,predator,,2015-03-07,2015,MAP,TB3B1,81.5,69,4.053,-17.01,13.09,8.67,8.04,25.74,0.443,3.73,,,,,,,,
Centropomus undecimalis,Snook,23083,191210_Massie(34S)+EA7,finclip,predator,,2015-04-11,2015,MAP,RB12B1,71.4,59.5,2.451,-26.83,11.71,22,9.21,31.52,0.49,3.99,,,,,,,,
Centropomus undecimalis,Snook,23082,191210_Massie(34S)+EA7,finclip,predator,,2015-04-12,2015,MAP,RB10B1,72.4,60.8,2.679,-25.77,13.31,23.74,6.16,21.19,0.335,4.01,,,,,,,,
Centropomus undecimalis,Snook,23087,191210_Massie(34S)+EA7,finclip,predator,,2015-04-12,2015,MAP,RB11B3,72.2,61,2.885,-25.96,12.37,21.96,7.32,22.97,0.303,3.66,,,,,,,,
Centropomus undecimalis,Snook,23088,191210_Massie(34S)+EA7,finclip,predator,,2015-04-12,2015,MAP,RB11B2,69.4,58.3,2.703,-26.04,12.07,22.82,7.59,25.2,0.358,3.87,,,,,,,,
Centropomus undecimalis,Snook,23091,191210_Massie(34S)+EA7,finclip,predator,,2015-04-12,2015,MAP,RB11B1,66.5,57,2.677,-25.82,11.97,20.45,6.2,20.82,0.259,3.92,,,,,,,,
Centropomus undecimalis,Snook,22182,191210_Massie(34S)+EA7,finclip,predator,,2015-04-13,2015,MAP,RB9B3,77,65,3.527,-27.03,12.71,23.86,9.11,30.17,0.577,3.86,,,,,,,,
Centropomus undecimalis,Snook,23079,191210_Massie(34S)+EA7,finclip,predator,,2015-04-13,2015,MAP,RB8B2,76.5,65,3.506,-25.44,12.3,19.3,7.49,23.97,0.328,3.73,,,,,,,,
Centropomus undecimalis,Snook,23085,191210_Massie(34S)+EA7,finclip,predator,,2015-04-13,2015,MAP,RB9B3,77,65,3.219,-26.34,13.76,21.63,6.96,22.72,0.338,3.81,,,,,,,,
Centropomus undecimalis,Snook,22177,191210_Massie(34S)+EA7,finclip,predator,,2015-04-14,2015,MAP,RB14B2,73.1,61.1,2.664,-24.34,11.29,9.2,7.7,24.9,0.339,3.77,,,,,,,,
Centropomus undecimalis,Snook,22180,191210_Massie(34S)+EA7,finclip,predator,,2015-04-14,2015,MAP,RB14B2,79.5,67.5,4.252,-24.99,12.27,15.84,7.73,24.79,0.434,3.74,,,,,,,,
Centropomus undecimalis,Snook,21968,191210_Massie(34S)+EA7,finclip,predator,,2015-12-16,2015,MAP,TB3B2,80,67,3.269,-25.82,12.94,14.18,9.43,30.62,0.44,3.79,,,,,,,,
Centropomus undecimalis,Snook,21973,191210_Massie(34S)+EA7,finclip,predator,,2015-12-16,2015,MAP,TB3B1,94,78,TOO BIG,-25.73,12.96,9.68,8.25,26.73,0.44,3.78,,,,,,,,
Centropomus undecimalis,Snook,21971,191210_Massie(34S)+EA7,finclip,predator,,2015-12-17,2015,MAP,RB14B2,74.1,61.8,2.56,-25.7,12.78,18.96,7.24,22.91,0.424,3.69,,,,,,,,
Centropomus undecimalis,Snook,56002,191210_Massie(34S)+EA7,finclip,predator,,2016-02-22,2016,MAP,RB11B1,64,53,2.06,-25.92,11.18,NA,17.71,59.44,NA,3.92,,,,,,,,
Centropomus undecimalis,Snook,51640,191210_Massie(34S)+EA7,finclip,predator,,2016-12-13,2016,MAP,RB13B3,62.3,51.5,1.618,-24.43,12.13,16.01,6.23,20.44,0.345,3.83,,,,,,,,
Centropomus undecimalis,Snook,51644,191210_Massie(34S)+EA7,finclip,predator,,2016-12-13,2016,MAP,RB10B1,61.4,50.5,1.869,-28.4,11.74,21.54,8.85,31.36,0.366,4.13,,,,,,,,
Centropomus undecimalis,Snook,51645,191210_Massie(34S)+EA7,finclip,predator,,2016-12-13,2016,MAP,RB11B3,58.7,48.5,1.168,-27.06,11.89,21.23,6.68,22.16,0.343,3.87,,,,,,,,
Centropomus undecimalis,Snook,51638,191210_Massie(34S)+EA7,finclip,predator,,2016-12-15,2016,MAP,TB4B2,57.3,47,1.238,-25.54,10.99,7.94,7,23.23,0.388,3.87,,,,,,,,
Centropomus undecimalis,Snook,51652,191210_Massie(34S)+EA7,finclip,predator,,2017-02-26,2017,MAP,RB10B1,59.1,49.3,1.845,-27.4,12.29,21.02,7.57,25.2,0.523,3.88,,,,,,,,
Centropomus undecimalis,Snook,51653,191210_Massie(34S)+EA7,finclip,predator,,2017-02-26,2017,MAP,RB10B1,56.1,45.7,1.211,-28.1,12.66,20.43,7.88,26.32,0.45,3.9,,,,,,,,
Centropomus undecimalis,Snook,18370,191210_Massie(34S)+EA7,finclip,predator,,2017-02-27,2017,MAP,RB13B2,69.7,57.5,2.703,-25.91,11.03,21.69,7.12,23.99,0.563,3.93,,,,,,,,
Centropomus undecimalis,Snook,18380,191210_Massie(34S)+EA7,finclip,predator,,2017-03-03,2017,MAP,TB4B3,72.7,62,3.03,-24.37,10.18,7.02,7.34,24.49,0.594,3.89,,,,,,,,
Centropomus undecimalis,Snook,21959,191210_Massie(34S)+EA7,finclip,predator,,2017-04-24,2017,MAP,RB11B3,65.5,55,2.105,-27.36,11.98,23.16,8.15,27.35,0.498,3.92,,,,,,,,
Centropomus undecimalis,Snook,51877,191210_Massie(34S)+EA7,finclip,predator,,2017-04-24,2017,MAP,RB12B2,76.3,64.5,3.603,-26.31,12.06,21.48,8.4,28.32,0.623,3.94,,,,,,,,
Centropomus undecimalis,Snook,18373,191210_Massie(34S)+EA7,finclip,predator,,2017-04-25,2017,MAP,RB10B1,71.9,60.5,3.258,-26.81,12.84,21.16,8.55,29.18,0.526,3.98,,,,,,,,
Centropomus undecimalis,Snook,18379,191210_Massie(34S)+EA7,finclip,predator,,2017-04-25,2017,MAP,RB10B1,77.2,65.5,4.281,-26.89,12.38,21.22,8.55,28.87,0.566,3.94,,,,,,,,
Centropomus undecimalis,Snook,21960,191210_Massie(34S)+EA7,finclip,predator,,2017-04-25,2017,MAP,RB10B1,76.2,63.5,3.589,-25.75,11.8,NA,8.1,26.34,NA,3.8,,,,,,,,
Centropomus undecimalis,Snook,18351,191210_Massie(34S)+EA7,finclip,predator,,2017-05-31,2017,MAP,RB10B2,68.6,58.2,2.357,-26.45,12.37,18.18,7.22,23.52,0.339,3.8,,,,,,,,
Centropomus undecimalis,Snook,18372,191210_Massie(34S)+EA7,finclip,predator,,2017-05-31,2017,MAP,RB10B1,69.8,58.5,2.663,-26.37,12.56,17.34,7.1,22.99,0.357,3.78,,,,,,,,
Centropomus undecimalis,Snook,21969,191210_Massie(34S)+EA7,finclip,predator,,2017-05-31,2017,MAP,RB10B1,66,54.5,2.275,-26.31,13.36,19.86,7.09,22.67,0.372,3.73,,,,,,,,
Centropomus undecimalis,Snook,51871,191210_Massie(34S)+EA7,finclip,predator,,2017-12-02,2017,MAP,RB14B2,62,51.1,2.085,-26.75,10.17,16.55,7.42,25.03,0.411,3.94,,,,,,,,
Centropomus undecimalis,Snook,28243,191210_Massie(34S)+EA7,finclip,predator,,2018-01-26,2018,MAP,RB11B1,57.3,47.2,1.286,-27.13,11.58,22.51,7.1,24.08,0.363,3.96,,,,,,,,
Centropomus undecimalis,Snook,18383,191210_Massie(34S)+EA7,finclip,predator,,2018-02-17,2018,MAP,RB11B2,74.4,62,2.826,-26.43,11.78,20.45,7.22,23.89,0.402,3.86,,,,,,,,
Centropomus undecimalis,Snook,28231,191210_Massie(34S)+EA7,finclip,predator,,2018-02-21,2018,MAP,RB12B3,60.2,50.5,1.626,-27.07,10.91,19.88,7.03,23.61,0.388,3.92,,,,,,,,
Centropomus undecimalis,Snook,28232,191210_Massie(34S)+EA7,finclip,predator,,2018-02-21,2018,MAP,RB12B3,58.3,48.1,1.38,-27.32,10.65,21.45,7.69,26.39,0.462,4,,,,,,,,
Centropomus undecimalis,Snook,28237,191210_Massie(34S)+EA7,finclip,predator,,2018-03-13,2018,MAP,RB10B2,76.3,63.2,3.557,-25.25,10.98,5.03,7.61,24.38,0.359,3.74,,,,,,,,
Centropomus undecimalis,Snook,18378,191210_Massie(34S)+EA7,finclip,predator,,2018-04-27,2018,MAP,RB13B3,74,63.5,2.911,-25.62,10.42,7.81,6.88,22.75,0.327,3.86,,,,,,,,
Centropomus undecimalis,Snook,26139,191210_Massie(34S)+EA7,finclip,predator,,2018-04-27,2018,MAP,RB13B3,75.1,65.5,3.654,-22.06,11.27,8.69,7.03,23,0.297,3.82,,,,,,,,
Centropomus undecimalis,Snook,26140,191210_Massie(34S)+EA7,finclip,predator,,2018-04-28,2018,MAP,RB10B1,78,68.5,4.031,-25.81,12.02,23.01,7.06,23.54,0.359,3.89,,,,,,,,
Centropomus undecimalis,Snook,26145,191210_Massie(34S)+EA7,finclip,predator,,2018-04-28,2018,MAP,RB10B1,68.9,60,2.98,-27.11,11.95,24.35,7.54,25.01,0.352,3.87,,,,,,,,
Centropomus undecimalis,Snook,26146,191210_Massie(34S)+EA7,finclip,predator,,2018-04-28,2018,MAP,RB9B3,70.3,60.5,2.99,-26.95,11.46,25.02,7.82,25.85,0.363,3.86,,,,,,,,
Centropomus undecimalis,Snook,28235,191210_Massie(34S)+EA7,finclip,predator,,2018-04-28,2018,MAP,RB10B2,68.9,59,2.772,-26.68,11.92,21.55,7.39,24.52,0.355,3.87,,,,,,,,
Centropomus undecimalis,Snook,28240,191210_Massie(34S)+EA7,finclip,predator,,2018-04-28,2018,MAP,RB13B3,78,68,4.529,-26.29,12.08,24.52,7.02,22.8,0.35,3.79,,,,,,,,
Centropomus undecimalis,Snook,26132,191210_Massie(34S)+EA7,finclip,predator,,2018-05-15,2018,MAP,RB14B2,79,68.5,3.682,-24.75,10.33,6.78,6.98,23,0.323,3.84,,,,,,,,
Centropomus undecimalis,Snook,26134,191210_Massie(34S)+EA7,finclip,predator,,2018-05-15,2018,MAP,RB8B1,61.5,53,1.677,-25.32,10.91,14.91,7.23,24.31,0.353,3.92,,,,,,,,
Centropomus undecimalis,Snook,26133,191210_Massie(34S)+EA7,finclip,predator,,2018-05-16,2018,MAP,RB11B3,65.5,56.5,2.47,-27.05,10.95,24.99,7.07,23.58,0.372,3.89,,,,,,,,
Centropomus undecimalis,Snook,26136,191210_Massie(34S)+EA7,finclip,predator,,2018-05-16,2018,MAP,RB9B2,64,54.5,2.018,-26.45,10.66,19.76,8,26.7,0.411,3.89,,,,,,,,
Centropomus undecimalis,Snook,26142,191210_Massie(34S)+EA7,finclip,predator,,2018-05-16,2018,MAP,RB10B1,71.5,61.5,3.025,-26.2,11.43,22.7,7.49,24.85,0.386,3.87,,,,,,,,
Centropomus undecimalis,Snook,26143,191210_Massie(34S)+EA7,finclip,predator,,2018-05-16,2018,MAP,RB9B1,72,62.5,2.902,-25.92,11.88,20.68,7.75,26.54,0.358,4,,,,,,,,
Centropomus undecimalis,Snook,26141,191210_Massie(34S)+EA7,finclip,predator,,2018-12-10,2018,MAP,RB9B3,63,53.5,1.702,-26.01,10.15,8.59,7.43,25.1,0.335,3.94,,,,,,,,
Centropomus undecimalis,Snook,28226,191210_Massie(34S)+EA7,finclip,predator,,2018-12-12,2018,MAP,RB14B2,65,53.9,2.006,-26.34,10.08,7.7,7.62,25.65,0.413,3.93,,,,,,,,
Centropomus undecimalis,Snook,28227,191210_Massie(34S)+EA7,finclip,predator,,2018-12-12,2018,MAP,RB14B1,65.2,52.9,1.859,-25.2,10.38,13.74,6.12,20.02,0.381,3.82,,,,,,,,
Centropomus undecimalis,Snook ,10JAN2012-AT-50-2,220204_Massie(34S) & 220209_Massie(CN),,predator,,,,MAP,,,,,-18.84,11.46,10.74,6.45,21.89,0.22,,,,,,,,,
Centropomus undecimalis,Bass,51312,191210_Massie(34S)+EA7,finclip,predator,,2014-03-04,2014,MAP,RB18B2,72,62,2.62,-23.68,11.18,6.97,8.26,27.19,0.471,3.84,** REMEMBER same tag # on different fish ,,,,,,,
Centropomus undecimalis,Snook,24FEB2020-SI-50-2,220204_Massie(34S) & 220209_Massie(CN),,predator,,2020-02-24,,MAP,RB14B3,,,,-26.93,9.6,5.78,5.74,18.69,0.37,,,,,,,,,
Centropomus undecimalis,Snook,16APR2021-AT-50-1,220204_Massie(34S) & 220209_Massie(CN),,predator,,2021-04-16,2021,MAP,RB10B1,,,,-26.45,11.68,18.59,6.53,20.39,0.38,,,,,,,,,
Centropomus undecimalis,Snook,19MAR2021-AT-50-1,220204_Massie(34S) & 220209_Massie(CN),,predator,,2021-03-19,2021,MAP,RB10B1,,,,-25.28,11.17,18.56,7.8,24.45,0.38,,,,,,,,,
Centropomus undecimalis,Snook,22FEB2021-AT-50-2,220204_Massie(34S) & 220209_Massie(CN),,predator,,2021-02-22,,MAP,TB4B3,,,,-26.65,12.18,20.5,9.03,28.83,0.3,,,,,,,,,
Centropomus undecimalis,Snook ,4MAY2021-AT-50-2,220204_Massie(34S) & 220209_Massie(CN),,predator,,2021-05-04,,MAP,RB8,,,,-26.91,11.69,19.56,6.83,21.94,0.35,,,,,,,,,
Centropomus undecimalis,Snook ,23FEB2020-AT-50-1,220204_Massie(34S) & 220209_Massie(CN),,predator,,2020-02-23,2020,MAP,RB14B2,,,,-24.77,11.7,12.23,6.56,20.57,0.34,,,,,,,,,
Centropomus undecimalis,Snook ,28MAY2019-AT-50-1,220204_Massie(34S) & 220209_Massie(CN),,predator,,2019-05-28,2019,MAP,RB10B1,,,,-26.28,11.85,20.58,5.54,17.47,0.39,,,,,,,,,
Centropomus undecimalis,Snook ,24FEB2020-SI-50-5,220204_Massie(34S) & 220209_Massie(CN),,predator,,2020-02-24,,MAP,RB14B3,,,,-25.5,11.65,8.02,6.85,22.01,0.3,,,,,,,,,
Centropomus undecimalis,Snook ,24FEB2020-AT-50-1,220204_Massie(34S) & 220209_Massie(CN),,predator,,2020-02-24,2020,MAP,RB14B3,,,,-24.82,10.18,5.5,5.45,17.36,0.28,,,,,,,,,
Centropomus undecimalis,Snook ,16MAY2020-AT-50-5,220204_Massie(34S) & 220209_Massie(CN),,predator,,2020-05-16,2020,MAP,RB10B3,,,,-26.68,12.18,19.74,7.49,23.28,0.32,,,,,,,,,
Centropomus undecimalis,Snook ,4MAY2021-AT-50-1,220204_Massie(34S) & 220209_Massie(CN),,predator,,2021-05-04,,MAP,RB8,,,,-25.29,11.08,19.79,6.98,21.85,0.29,,,,,,,,,
Centropomus undecimalis,Snook ,28APR2019-AT-50-1,220204_Massie(34S) & 220209_Massie(CN),,predator,,2019-04-28,2019,MAP,RB10B1,,,,-26.94,11.72,19.72,7.68,25.37,0.32,,,,,,,,,
Centropomus undecimalis,Snook ,28APR2019-AT-50-3,220204_Massie(34S) & 220209_Massie(CN),,predator,,2019-04-28,2019,MAP,RB10B1,,,,-26.21,10.52,18.4,6.7,21.59,0.36,,,,,,,,,
Centropomus undecimalis,Snook,11DEC19-SI-50-1,220204_Massie(34S) & 220209_Massie(CN),,predator,,2019-12-11,,MAP,,,,,-25.48,11.44,19.98,6.04,19.13,0.31,,,,,,,,,
Centropomus undecimalis,Snook,16MAY2020-AT-50-2,220204_Massie(34S) & 220209_Massie(CN),,predator,,2020-05-16,2020,MAP,RB10B1,,,,-25.94,12.65,19.68,8.75,27.71,0.34,,,,,,,,,
Centropomus undecimalis,Snook,19JAN2020-AT-50-1,220204_Massie(34S) & 220209_Massie(CN),,predator,,2020-01-19,2020,MAP,RB11B3,,,,-26.03,11.51,19.06,5.86,18.28,0.27,,,,,,,,,
Centropomus undecimalis,Snook,24FEB2020-SI-50-3,220204_Massie(34S) & 220209_Massie(CN),,predator,,2020-02-24,,MAP,RB14B3,,,,-26.43,10.64,16.84,7.5,24.06,0.29,,,,,,,,,
Centropomus undecimalis,Snook,24FEB2020-SI-50-4,220204_Massie(34S) & 220209_Massie(CN),,predator,,2020-02-24,,MAP,RB14B3,,,,-25.59,11.19,14.14,5.58,18.09,0.28,,,,,,,,,
Centropomus undecimalis,Snook,29APR-2019-AT-50-2,220204_Massie(34S) & 220209_Massie(CN),,predator,,2019-04-29,2019,MAP,RB9B2,,,,-26.79,11.66,21.63,5.87,19.2,0.38,,,,,,,,,
Centropomus undecimalis,Snook,16MAY2020-AT-50-1,220204_Massie(34S) & 220209_Massie(CN),,predator,,2020-05-16,2020,MAP,RB10B1,,,,-26.56,11.76,20.98,5.86,18.94,0.25,,,,,,,,,
Centropomus undecimalis,Snook,24FEB2020-SI-50-11,220204_Massie(34S) & 220209_Massie(CN),,predator,,2020-02-24,,MAP,RB14B3,,,,-24.48,11.19,15.68,6.04,19.79,0.26,,,,,,,,,
Centropomus undecimalis,Snook,16MAY2020-AT-50-4,220204_Massie(34S) & 220209_Massie(CN),,predator,,2020-05-16,2020,MAP,RB10B2,,,,-26.39,11.96,19.69,7.42,23.91,0.28,,,,,,,,,
Centropomus undecimalis,Snook ,22FEB2020-AT-50-1,220204_Massie(34S) & 220209_Massie(CN),,predator,,2020-02-22,2020,MAP,RB10B1,,,,-26.28,11.37,22.16,6.68,20.36,0.29,,,,,,,,,
Centropomus undecimalis,Snook,13FEB2012-AT-50-58420,220204_Massie(34S) & 220209_Massie(CN),,predator,,2012-02-13,2012,MAP,TB3,,,,-20.14,11.71,7.22,6.28,20.54,0.45,,,,,,,,,
Centropomus undecimalis,Snook,16APR-2021-AT-50-2,220204_Massie(34S) & 220209_Massie(CN),,predator,,2021-04-16,2021,MAP,RB10B1,,,,-26.28,11.38,22.33,3.8,12.44,0.36,,,,,,,,,
Centropomus undecimalis,Snook,16MAY2020-AT-50-3,220204_Massie(34S) & 220209_Massie(CN),,predator,,2020-05-16,2020,MAP,RB10B1,,,,-25.95,11.86,18.21,4.54,14.67,0.39,,,,,,,,,
Centropomus undecimalis,Snook,22FEB2020-SI-50-1,220204_Massie(34S) & 220209_Massie(CN),,predator,,2020-02-24,,MAP,RB10B1,,,,-26.25,12.16,21.44,4.93,15.93,0.32,,,,,,,,,
Centropomus undecimalis,Snook,29APR2019-AT-50-1,220204_Massie(34S) & 220209_Massie(CN),,predator,,2019-04-29,2019,MAP,RB9B2,,,,-26.14,12.05,21.14,7.55,24.05,0.31,,,,,,,,,
Centropomus undecimalis,Snook,22FEB2020-SI-50-2,220204_Massie(34S) & 220209_Massie(CN),,predator,,2020-02-22,,MAP,RB9B1,,,,-27.29,12.11,18.73,6.11,19.63,0.42,,,,,,,,,
Centropomus undecimalis,Snook,28APR2019-AT-50-2,220204_Massie(34S) & 220209_Massie(CN),,predator,,2019-04-28,2019,MAP,RB10B1,,,,-26.31,11.19,20.78,5.32,16.98,0.32,,,,,,,,,
Centropomus undecimalis,Snook,28MAY2019-AT-50-2,220204_Massie(34S) & 220209_Massie(CN),,predator,,2019-05-28,2019,MAP,RB10B2,,,,-26.48,12.43,23.35,8.27,26.05,0.4,,,,,,,,,
Centropomus undecimalis,Snook ,22JAN2019-AT-50-3,220204_Massie(34S) & 220209_Massie(CN),,predator,,2019-01-22,2019,MAP,RB10B3,,,,-27.25,11.5,22.66,5.09,17.21,0.35,,,,,,,,,
Centropomus undecimalis,Snook,24FEB2019-AT-50-1,220204_Massie(34S) & 220209_Massie(CN),,predator,,2019-02-24,2019,MAP,RB8B2,,,,-26.96,10.9,19.1,6.55,22.13,0.32,,,,,,,,,
Centropomus undecimalis,Snook,27FEB2019-AT-50-1,220204_Massie(34S) & 220209_Massie(CN),,predator,,2019-02-27,2019,MAP,RB12B3,,,,-26.31,10.67,17.26,6.07,20,0.35,,,,,,,,,
Centropomus undecimalis,Snook ,22JAN2019-AT-50-1,220204_Massie(34S) & 220209_Massie(CN),,predator,,2019-01-22,2019,MAP,RB10B1,,,,-27.37,11.41,22.14,7.65,26.14,0.42,,,,,,,,,
Centropomus undecimalis,Snook ,25FEB2019-AT-50-1,220204_Massie(34S) & 220209_Massie(CN),,predator,,2019-02-25,2019,MAP,TB1B2,,,,-25.17,9.8,7.32,9.29,30.62,0.29,,,,,,,,,
Centropomus undecimalis,Snook ,20FEB2021-AT-50-1,220204_Massie(34S) & 220209_Massie(CN),,predator,,2021-02-20,2021,MAP,RB8B3,,,,-25.96,10.57,16.43,6.26,20.57,0.34,,,,,,,,,
Centropomus undecimalis,Snook ,22JAN2019-AT-50-2,220204_Massie(34S) & 220209_Massie(CN),,predator,,2019-01-22,2019,MAP,RB10B2,,,,-27.35,10.66,20.07,7.06,24.5,0.39,,,,,,,,,
Centropomus undecimalis,Snook ,CSTQ-1443,191218_Viadero(CN) & 191119_Viadero(34S),finclip ,Predator ,,2014-07-15,2014,MAP,East Coast (Offshore) Snook ,,,,-13.59,13.8,13.97,6.71,22.88,0.35,,,,,,,,,
Centropomus undecimalis,Snook ,CSTQ-1299,191218_Viadero(CN) & 191119_Viadero(34S),finclip ,Predator ,,2013-05-09,2014,MAP,East Coast (Offshore) Snook ,,,,-13.92,14.09,15.88,6.7,22.2,0.34,,,,,,,,,
Centropomus undecimalis,Snook ,CSTQ-1430,191218_Viadero(CN) & 191119_Viadero(34S),finclip ,Predator ,,2014-07-08,2014,MAP,East Coast (Offshore) Snook ,,,,-13.95,14.08,13.09,8.29,28.43,0.352,,,,,,,,,
Centropomus undecimalis,Snook ,CSTQ-1414,191218_Viadero(CN) & 191119_Viadero(34S),finclip ,Predator ,,2014-06-26,2014,MAP,East Coast (Offshore) Snook ,,,,-12.86,13.77,13.27,6.79,21.94,0.293,,,,,,,,,
Centropomus undecimalis,Snook ,CSTQ-1389,191218_Viadero(CN) & 191119_Viadero(34S),finclip ,Predator ,,2014-06-10,2014,MAP,East Coast (Offshore) Snook ,,,,-13.71,13.97,13.99,5.32,17.68,0.261,,,,,,,,,
Centropomus undecimalis,Snook ,CSTQ-1427,191218_Viadero(CN) & 191119_Viadero(34S),finclip ,Predator ,,2014-07-08,2014,MAP,East Coast (Offshore) Snook ,,,,-13.48,14.29,14.83,7.66,24.52,0.351,,,,,,,,,
Centropomus undecimalis,Snook ,CSTQ-1413,191218_Viadero(CN) & 191119_Viadero(34S),finclip ,Predator ,,2014-06-26,2014,MAP,East Coast (Offshore) Snook ,,,,-13.16,15.11,16.24,6.77,21.72,0.26,,,,,,,,,
Centropomus undecimalis,Snook ,CSTQ-1410,191218_Viadero(CN) & 191119_Viadero(34S),finclip ,Predator ,,2014-06-24,2014,MAP,East Coast (Offshore) Snook ,,,,-14.54,14.04,13.86,8.45,29.99,0.278,,,,,,,,,
Centropomus undecimalis,Snook ,CSTQ-1412,191218_Viadero(CN) & 191119_Viadero(34S),finclip ,Predator ,,2014-06-26,2014,MAP,East Coast (Offshore) Snook ,,,,-13.83,14.13,13.42,6.16,19.63,0.254,,,,,,,,,
Centropomus undecimalis,Snook ,CSTQ-1428,191218_Viadero(CN) & 191119_Viadero(34S),finclip ,Predator ,,2014-08-07,2014,MAP,East Coast (Offshore) Snook ,,,,-13.1,14.35,14.21,8.24,26.85,0.334,,,,,,,,,
Centropomus undecimalis,Snook ,CSTQ-1426,191218_Viadero(CN) & 191119_Viadero(34S),finclip ,Predator ,,2014-07-08,2014,MAP,East Coast (Offshore) Snook ,,,,-12.4,13.97,14.45,3.94,13.03,0.235,,,,,,,,,
Centropomus undecimalis,Snook ,CSTQ-1500,191218_Viadero(CN) & 191119_Viadero(34S),finclip ,Predator ,,2014-08-21,2014,MAP,East Coast (Offshore) Snook ,,,,-12.96,14.49,15.53,6.4,20.33,0.282,,,,,,,,,
Centropomus undecimalis,Snook ,CSTQ-1417,191218_Viadero(CN) & 191119_Viadero(34S),finclip ,Predator ,,2014-06-26,2014,MAP,East Coast (Offshore) Snook ,,,,-14.74,14.61,14.98,9.13,28.59,0.356,,,,,,,,,
Centropomus undecimalis,Snook ,CSTQ-1290,191218_Viadero(CN) & 191119_Viadero(34S),finclip ,Predator ,,2013-08-29,2013,MAP,East Coast (Offshore) Snook ,,,,-12.24,12.56,14.82,8.1,24.08,0.25,,,,,,,,,
Centropomus undecimalis,Snook ,27-34 AT:18344,191218_Viadero(CN) & 191119_Viadero(34S),finclip ,Predator ,,2016-05-20,2016,MAP,West Coast (REEF) Snook ,,,,-13.61,11.99,13.83,10.23,31,0.499,,AT:18344,,,,,,,
Centropomus undecimalis,Snook ,27-8 AT:18362,191218_Viadero(CN) & 191119_Viadero(34S),finclip ,Predator ,,2016-05-21,2016,MAP,West Coast (REEF) Snook ,,,,-15.07,13.09,13.44,7.9,26.04,0.572,,AT:18362,,,,,,,
Centropomus undecimalis,Snook ,CTSQ-1411,191218_Viadero(CN) & 191119_Viadero(34S),finclip ,Predator ,,2014-06-24,2014,MAP,East Coast (Offshore) Snook ,,,,-13.21,13.86,12.58,5.34,18,0.274,,,,,,,,,
Centropomus undecimalis,Snook ,CTSQ-1442,191218_Viadero(CN) & 191119_Viadero(34S),finclip ,Predator ,,2014-07-15,2014,MAP,East Coast (Offshore) Snook ,,,,-12.65,14.5,13.91,6.86,22.02,0.454,,,,,,,,,
Centropomus undecimalis,Snook ,27-6,191218_Viadero(CN) & 191119_Viadero(34S),finclip ,Predator ,,2016-07-17,2016,MAP,West Coast (REEF) Snook ,,,,-11.65,10.69,9.48,9.51,31.39,0.534,,,,,,,,,
Centropomus undecimalis,Snook ,27-23 AT:21964,191218_Viadero(CN) & 191119_Viadero(34S),finclip ,Predator ,,2016-05-21,2016,MAP,West Coast (REEF) Snook ,,,,-15.41,12.91,13.66,7.12,24.25,0.508,,AT:21964,,,,,,,
Centropomus undecimalis,Snook ,50-20,191218_Viadero(CN) & 191119_Viadero(34S),finclip ,Predator ,,2015-06-01,2015,MAP,West Coast (REEF) Snook ,,,,-15.3,11.5,14.76,5.79,18.89,0.322,,,,,,,,,
Centropomus undecimalis,Snook ,50-4,191218_Viadero(CN) & 191119_Viadero(34S),finclip ,Predator ,,2015-06-01,2015,MAP,West Coast (REEF) Snook ,,,,-15.78,12.55,12.36,8.14,25.94,0.452,,,,,,,,,
Centropomus undecimalis,Snook ,10-11,191218_Viadero(CN) & 191119_Viadero(34S),finclip ,Predator ,,2015-07-01,2015,MAP,West Coast (REEF) Snook ,,,,-10.5,10.95,11.42,8.24,27.09,0.467,,,,,,,,,
Centropomus undecimalis,Snook ,27-28,191218_Viadero(CN) & 191119_Viadero(34S),finclip ,Predator ,,2016-07-17,2016,MAP,West Coast (REEF) Snook ,,,,-14.63,10.93,11.78,7.85,24.97,0.419,,,,,,,,,
Centropomus undecimalis,Snook ,27-9,191218_Viadero(CN) & 191119_Viadero(34S),finclip ,Predator ,,2016-05-20,2016,MAP,West Coast (REEF) Snook ,,,,-22.56,10.34,11.06,6.78,22.47,0.526,,,,,,,,,
Centropomus undecimalis,Snook ,10-37,191218_Viadero(CN) & 191119_Viadero(34S),finclip ,Predator ,,2015-07-01,2015,MAP,West Coast (REEF) Snook ,,,,-11.28,10.69,10.15,7.2,23.31,0.376,,,,,,,,,
Centropomus undecimalis,Snook ,50-9,191218_Viadero(CN) & 191119_Viadero(34S),finclip ,Predator ,,2015-01-06,2015,MAP,West Coast (REEF) Snook ,,,,-12.66,12.07,10.05,7.15,23.02,0.384,,,,,,,,,
Centropomus undecimalis,Snook ,27-20,191218_Viadero(CN) & 191119_Viadero(34S),finclip ,Predator ,,2016-07-17,2016,MAP,West Coast (REEF) Snook ,,,,-23.94,10.47,14.02,7.2,23.54,0.429,,,,,,,,,
Centropomus undecimalis,Snook ,27-14 AT:18356,191218_Viadero(CN) & 191119_Viadero(34S),finclip ,Predator ,,2016-07-18,2016,MAP,West Coast (REEF) Snook ,,,,-19.38,10.61,9.05,8.46,27.87,0.577,,AT:18356,,,,,,,
Centropomus undecimalis,Snook ,50-15,191218_Viadero(CN) & 191119_Viadero(34S),finclip ,Predator ,,2015-06-01,2015,MAP,West Coast (REEF) Snook ,,,,-20.14,11.01,8.81,6.09,20.21,0.406,,,,,,,,,
Centropomus undecimalis,Snook ,27-41 AT:21967,191218_Viadero(CN) & 191119_Viadero(34S),finclip ,Predator ,,2016-05-20,2016,MAP,West Coast (REEF) Snook ,,,,-13.45,11.78,11.7,7.19,23.69,0.524,,AT:21967,,,,,,,
Centropomus undecimalis,Snook ,27-43,191218_Viadero(CN) & 191119_Viadero(34S),finclip ,Predator ,,2016-07-17,2016,MAP,West Coast (REEF) Snook ,,,,-20.57,10.96,6.54,5.79,19.41,0.39,,,,,,,,,
Centropomus undecimalis,Snook ,50-2,191218_Viadero(CN) & 191119_Viadero(34S),finclip ,Predator ,,2015-06-01,2015,MAP,West Coast (REEF) Snook ,,,,-23.63,9.75,17.37,7.02,23.43,0.535,,,,,,,,,
Centropomus undecimalis,Snook ,CSTQ-1400,191218_Viadero(CN) & 191119_Viadero(34S),finclip ,Predator ,,2014-06-17,2014,MAP,East Coast (Offshore) Snook ,,,,-13.99,14.2,15.13,8.25,27.57,0.473,,,,,,,,,
Micropterus salmoides,Largemouth bass ,20050,220204_Massie(34S) & 220209_Massie(CN),,predator,,2019-04-29,2019,MAP,RB13B1,53.1,44.7,2.095,-26.3,12.07,21.25,9.14,34.17,0.41,,,,,,,,,
Micropterus salmoides,Largemouth bass ,20054,220204_Massie(34S) & 220209_Massie(CN),,predator,,2019-04-28,2019,MAP,RB11B2,49,41.1,1.714,-26.72,10.9,21.79,8.15,26.34,0.44,,,,,,,,,
Micropterus salmoides,Largemouth bass ,22567,220204_Massie(34S) & 220209_Massie(CN),,predator,,2019-02-24,2019,MAP,RB8B3,48.6,40.6,1.908,-26.73,11.03,18.99,9.85,31.49,0.51,,,,,,,,,
Micropterus salmoides,Largemouth bass ,22570,220204_Massie(34S) & 220209_Massie(CN),,predator,,2019-02-26,2019,MAP,RB18B3,52.1,42.8,2.36,-25.49,11.86,19.21,8.01,25.84,0.44,,,,,,,,,
Micropterus salmoides,Largemouth bass ,22574,220204_Massie(34S) & 220209_Massie(CN),,predator,,2019-02-24,2019,MAP,RB13B1,50.5,42.6,2.068,-27.05,11.18,21.29,10.7,34.01,0.47,,,,,,,,,
Micropterus salmoides,Largemouth bass ,22575,220204_Massie(34S) & 220209_Massie(CN),,predator,,2019-02-24,2019,MAP,RB13B1,50.9,45,1.943,-26.06,11.38,20.55,7.98,26.35,0.47,,,,,,,,,
Micropterus salmoides,Largemouth bass ,22579,220204_Massie(34S) & 220209_Massie(CN),,predator,,2019-01-21,2019,MAP,RB13B3,55.2,45,3.115,-26.34,12.07,19.73,5.22,17.69,0.42,,,,,,,,,
Micropterus salmoides,Largemouth bass ,26135,220204_Massie(34S) & 220209_Massie(CN),,predator,,2018-05-15,2018,MAP,RB13B1,48.5,42.5,1.705,-27.51,11.75,20.95,6.73,23.06,0.37,,,,,,,,,
Micropterus salmoides,Largemouth bass ,26137,220204_Massie(34S) & 220209_Massie(CN),,predator,,2018-05-16,2018,MAP,RB18B2,52.5,46.5,2.311,-26.3,11.88,20.17,8.04,26.78,0.41,,,,,,,,,
Micropterus salmoides,Largemouth bass ,26144,220204_Massie(34S) & 220209_Massie(CN),,predator,,2018-05-15,2018,MAP,RB13B1,45.4,39.5,1.258,-26.05,12.09,20.63,6.57,21.98,0.36,,,,,,,,,
Micropterus salmoides,Largemouth bass ,28224,220204_Massie(34S) & 220209_Massie(CN),,predator,,2018-12-10,2018,MAP,RB9B2,46.6,40.4,1.64,-25.86,11.38,21.11,6.25,20.12,0.4,,,,,,,,,
Micropterus salmoides,Largemouth bass ,28225,220204_Massie(34S) & 220209_Massie(CN),,predator,,2018-12-12,2018,MAP,RB14B2,51.7,43.5,2.212,-25.03,10.41,14.27,7.53,23.36,0.38,,,,,,,,,
Micropterus salmoides,Largemouth bass ,28228,220204_Massie(34S) & 220209_Massie(CN),,predator,,2018-04-27,2018,MAP,RB13B1,45.9,40.5,1.489,-26.91,11.53,22.09,7.63,26.46,0.43,,,,,,,,,
Micropterus salmoides,Largemouth bass ,28230,220204_Massie(34S) & 220209_Massie(CN),,predator,,2018-04-29,2018,MAP,RB8B2,53,46.5,2.032,-26.18,11.68,21.99,8.84,29.78,0.4,,,,,,,,,
Micropterus salmoides,Largemouth bass ,28233,220204_Massie(34S) & 220209_Massie(CN),,predator,,2018-02-17,2018,MAP,RB11B3,47.5,40.5,1.348,-25.65,11.15,20.83,6.08,19.65,0.36,,,,,,,,,
Micropterus salmoides,Largemouth bass ,28239,220204_Massie(34S) & 220209_Massie(CN),,predator,,2018-02-17,2018,MAP,RB10B2,47.2,39.8,1.875,-27.21,10.9,15.71,6.59,22.97,0.5,,,,,,,,,
Micropterus salmoides,Largemouth bass ,28241,220204_Massie(34S) & 220209_Massie(CN),,predator,,2018-01-27,2018,MAP,RB9B2,41.5,33.8,1.066,-27.2,12.05,20.67,7.63,26.59,0.39,,,,,,,,,
Micropterus salmoides,Largemouth bass ,28242,220204_Massie(34S) & 220209_Massie(CN),,predator,,2018-01-27,2018,MAP,RB8B3,46.4,38.5,1.588,-26.62,10.87,18.54,8.62,29.58,0.45,,,,,,,,,
Micropterus salmoides,Largemouth bass ,31517,220204_Massie(34S) & 220209_Massie(CN),,predator,,2018-04-27,2018,MAP,RB13B1,46.4,40,1.441,-25.38,11.02,15.4,7.48,26.61,0.38,,,,,,,,,
Micropterus salmoides,Largemouth bass ,31519,220204_Massie(34S) & 220209_Massie(CN),,predator,,2017-12-10,2017,MAP,RB15B2,44,52.8,2.172,-25.34,11.1,16.69,8.09,27.47,0.58,,,,,,,,,
Micropterus salmoides,Largemouth bass ,31522,220204_Massie(34S) & 220209_Massie(CN),,predator,,2017-12-03,2017,MAP,RB7B3,51.7,43,2.078,-24.62,11.09,15.78,7.87,24.8,0.53,,,,,,,,,
Micropterus salmoides,Largemouth bass ,51639,220204_Massie(34S) & 220209_Massie(CN),,predator,,2016-12-15,2016,MAP,RB15B1,39.2,32.7,0.773,-25.53,10.53,7.68,5.49,17.68,0.47,,,,,,,,,
Micropterus salmoides,Largemouth bass ,51641,220204_Massie(34S) & 220209_Massie(CN),,predator,,2017-01-28,2017,MAP,RB13B3,51.7,43.5,2.121,-26.34,11.41,18.22,8.15,26.5,0.49,,,,,,,,,
Micropterus salmoides,Largemouth bass ,51643,220204_Massie(34S) & 220209_Massie(CN),,predator,,2016-12-14,2016,MAP,RB7B1,47.9,40.3,1.638,-26.09,10.85,17.46,10.28,35.63,0.5,,,,,,,,,
Micropterus salmoides,Largemouth bass ,51647,220204_Massie(34S) & 220209_Massie(CN),,predator,,2017-02-26,2017,MAP,RB8B1,39.6,33,1.028,-27.83,12.29,19.61,7.97,28.85,0.48,,,,,,,,,
Micropterus salmoides,Largemouth bass ,51650,220204_Massie(34S) & 220209_Massie(CN),,predator,,2016-12-14,2016,MAP,RB14B1,45.2,37.7,1.358,-24.2,10.57,12.93,5.99,20.53,0.33,,,,,,,,,
Micropterus salmoides,Largemouth bass ,51651,220204_Massie(34S) & 220209_Massie(CN),,predator,,2017-01-28,2017,MAP,RB11B1,48,36,1.119,-26.95,12.27,19.77,7.5,26.18,0.45,,,,,,,,,
Micropterus salmoides,Largemouth bass ,51655,220204_Massie(34S) & 220209_Massie(CN),,predator,,2016-12-14,2016,MAP,RB14B3,44.9,37.5,1.394,-25.47,10.89,6.69,6.38,21.34,0.47,,,,,,,,,
Micropterus salmoides,Largemouth bass ,51657,220204_Massie(34S) & 220209_Massie(CN),,predator,,2017-02-27,2017,MAP,RB14B2,48.3,40,1.617,-23.91,10.93,15.38,6.89,22.71,0.35,,,,,,,,,
Micropterus salmoides,Largemouth bass ,51658,220204_Massie(34S) & 220209_Massie(CN),,predator,,2017-02-26,2017,MAP,RB8B1,52,44,2.405,-27.04,13.13,17.73,11.13,36.05,0.48,,,,,,,,,
Micropterus salmoides,Largemouth bass ,51660,220204_Massie(34S) & 220209_Massie(CN),,predator,,2016-12-14,2016,MAP,RB14B2,43.3,36.5,1.25,-24.75,11.64,9.33,7.55,24.93,0.42,,,,,,,,,
Micropterus salmoides,Largemouth bass ,51867,220204_Massie(34S) & 220209_Massie(CN),,predator,,2017-03-05,2017,MAP,RB18B2,45.7,38.5,1.538,-26.71,11.99,17.65,8.09,26.12,0.45,,,,,,,,,
Micropterus salmoides,Largemouth bass ,51868,220204_Massie(34S) & 220209_Massie(CN),,predator,,2017-03-05,2017,MAP,RB18B2,51,42.8,2.149,-26.04,12.23,19.76,6.19,19.77,0.33,,,,,,,,,
Micropterus salmoides,Largemouth bass ,52091,220204_Massie(34S) & 220209_Massie(CN),,predator,,2017-03-05,2017,MAP,RB18B3,47.3,40,1.834,-24.63,12.08,11.63,10.63,34.54,0.48,,,,,,,,,
Micropterus salmoides,Largemouth bass ,52093,220204_Massie(34S) & 220209_Massie(CN),,predator,,2017-03-05,2017,MAP,RB18B2,46,38.5,1.4,-26.34,11.76,18.6,7.53,24.08,0.46,,,,,,,,,
Micropterus salmoides,Largemouth bass ,53331,220204_Massie(34S) & 220209_Massie(CN),,predator,,2017-12-03,2017,MAP,RB18B3,46,37.1,1.343,-24.98,10.76,16.1,5.8,19.07,0.31,,,,,,,,,
Micropterus salmoides,Largemouth bass ,55919,220204_Massie(34S) & 220209_Massie(CN),,predator,,2020-05-13,2020,MAP,RB11B1,47,40,1.453,-27.03,11.32,21.53,7.83,27.05,0.5,,,,,,,,,
Micropterus salmoides,Largemouth bass ,55920,220204_Massie(34S) & 220209_Massie(CN),,predator,,2020-05-16,2020,MAP,RB10B1,52.1,47,2.037,-27.02,12.46,20.69,8.94,29.91,0.52,,,,,,,,,
Micropterus salmoides,Largemouth bass ,56004,220204_Massie(34S) & 220209_Massie(CN),,predator,,2016-04-18,2016,MAP,RB9B1,54,45,2.233,-25.51,13.34,20.03,7.45,24.8,0.36,,,,,,,,,
Micropterus salmoides,Largemouth bass ,56008,220204_Massie(34S) & 220209_Massie(CN),,predator,,2015-12-17,2015,MAP,RB7B2,49.5,41.8,1.703,-24.06,12.25,16.66,8.69,28.88,0.38,,,,,,,,,
Micropterus salmoides,Largemouth bass ,56010,220204_Massie(34S) & 220209_Massie(CN),,predator,,2015-12-15,2015,MAP,RB10B1,50.7,42,1.856,-24.18,12.98,20.52,5.65,17.97,0.28,,,,,,,,,
Micropterus salmoides,Largemouth bass ,58283,220204_Massie(34S) & 220209_Massie(CN),,predator,,2020-01-20,2020,MAP,RB8B1,49.6,41.7,1.986,-25.82,11.24,21.8,3.8,12.85,0.37,,,,,,,,,
Micropterus salmoides,Largemouth bass ,58288,220204_Massie(34S) & 220209_Massie(CN),,predator,,2020-01-19,2020,MAP,RB11B3,51.6,43.6,2.519,-27.18,11.44,22.05,9.42,32.04,0.47,,,,,,,,,
Micropterus salmoides,Largemouth bass ,58289,220204_Massie(34S) & 220209_Massie(CN),,predator,,2020-01-19,2020,MAP,RB11B3,41.6,40.1,2.067,-26.33,11.3,22.11,7.51,24.66,0.41,,,,,,,,,
Micropterus salmoides,Largemouth bass,13MAY2020-AT-20-2,220204_Massie(34S) & 220209_Massie(CN),,predator,,2020-05-13,2020,MAP,RB13B1,52,44.5,2,-25.46,11.24,13.47,7.1,23.35,0.38,,,,,,,,,
Micropterus salmoides,Largemouth Bass,16APR2021-SI-20,220204_Massie(34S) & 220209_Massie(CN),,predator,,,,MAP,RB11B1,,,,-26.87,12.07,25.59,8.44,26.49,0.49,,,,,,,,,
Micropterus salmoides,Largemouth bass ,16MAY2020-AT-20-2,220204_Massie(34S) & 220209_Massie(CN),,predator,,2020-05-16,2020,MAP,RB10B1,50.9,45,1840,-25.98,11.52,21,8.05,25.06,0.37,,,,,,,,,
Micropterus salmoides,Largemouth bass,16MAY2020-AT-20-3,220204_Massie(34S) & 220209_Massie(CN),,predator,,2020-05-16,2020,MAP,RB13B3,44.9,39,1.35,-26.28,11.87,23.1,6.67,21.23,0.35,,,,,,,,,
Micropterus salmoides,Largemouth Bass,17APR2021-AT-20-1,220204_Massie(34S) & 220209_Massie(CN),,predator,,2021-04-17,2021,MAP,RB8B2,51.5,45.5,2.037,-26.35,12.34,23.84,7.28,22.74,0.42,,,,,,,,,
Micropterus salmoides,Largemouth bass ,19FEB2021-AT-20-1,220204_Massie(34S) & 220209_Massie(CN),,predator,,2021-02-19,2021,MAP,RB11B1,47.3,40.2,1.508,-26.22,11.6,22.95,11.5,35.9,0.43,,,,,,,,,
Micropterus salmoides,Largemouth bass ,19MAR2021-AT-20-1,220204_Massie(34S) & 220209_Massie(CN),,predator,,2021-03-19,2021,MAP,RB10B3,51.2,44.5,1.819,-25.06,11.08,13.84,8.41,25.99,0.36,,,,,,,,,
Micropterus salmoides,Largemouth Bass ,20FEB2021-AT-20-1,220204_Massie(34S) & 220209_Massie(CN),,predator,,2021-02-20,2021,MAP,RB8B3,50.4,43.5,2.044,-25.86,12.54,21.94,7.6,24.17,0.41,,,,,,,,,
Micropterus salmoides,Largemouth bass ,20JAN2020-AT-20-1,220204_Massie(34S) & 220209_Massie(CN),,predator,,2020-01-20,2020,MAP,RB13B2,51.3,42,2.355,-24.59,11.21,14.71,5.33,16.99,0.33,,,,,,,,,
Micropterus salmoides,Largemouth bass ,20MAR2021-AT-20-1,220204_Massie(34S) & 220209_Massie(CN),,predator,,2021-03-20,2021,MAP,RB11B2,51.2,44.9,2.248,-26.71,11.6,23.12,6.9,22.31,0.38,,,,,,,,,
Micropterus salmoides,Largemouth bass ,22FEB2020-AT-20-1,220204_Massie(34S) & 220209_Massie(CN),,predator,,2020-02-22,2020,MAP,RB10B2,47.5,42,1.515,-26.85,10.71,18.9,10.61,33.82,0.41,,,,,,,,,
Micropterus salmoides,Largemouth bass ,4MAY2021-AT-20-1,220204_Massie(34S) & 220209_Massie(CN),,predator,,,,MAP,RB9,50.2,44.5,2.142,-26.21,12.56,24.68,8.55,27.01,0.36,,,,,,,,,
Sciaenops ocellatus,Redfish,28APR2019-AT-94-1,220204_Massie(34S) & 220209_Massie(CN),,predator,,2019-04-28,2019,MAP,RB10B2,,,,-26.91,11.69,15.64,6.58,20.34,0.33,,,,,,,,,
Centropomus undecimalis,Snook ,54768,2023_April_10_Sturges_UM_CN,finclip ,predator,,1/17/2023,2023,MAP,RB10,82.2,72.1,4.184,-26.3382,12.3176,,8.5,29.06,,3.988833333,,,,,,,,
Centropomus undecimalis,Snook ,54766,2023_April_10_Sturges_UM_CN,finclip ,predator,,2/12/2023,2023,MAP,TB4,85.5,71.5,0.501,-25.6092,12.1506,,9.09,31.45,,4.037833333,,,,,,,,
Centropomus undecimalis,Snook ,54763,2023_April_10_Sturges_UM_CN,finclip ,predator,,2/13/2023,2023,MAP,RB14,83.4,72.5,3.96,-24.2872,11.6106,,7.03,24.77,,4.109,,,,,,,,
Micropterus salmoides,Largemouth bass ,25136,2023_April_10_Sturges_UM_CN,finclip ,predator,,2/13/2023,2023,MAP,RB14,50.6,42.8,1.849,-26.7152,11.4836,,13.66,48.33,,4.1265,,,,,,,,
Micropterus salmoides,Largemouth bass ,25132,2023_April_10_Sturges_UM_CN,finclip ,predator,,3/11/2023,2023,MAP,RB9,48.6,39.6,1.864,-26.9622,10.9056,,9.01,32.8,,4.2455,,,,,,,,
Micropterus salmoides,Largemouth bass ,25131,2023_April_10_Sturges_UM_CN,finclip ,predator,,3/12/2023,2023,MAP,RB8,44.1,35.8,1.36,-27.8702,12.1526,,10.16,38.6,,4.433333333,,,,,,,,
Centropomus undecimalis,Snook ,58910,2023_April_10_Sturges_UM_CN,finclip ,predator,,3/12/2022,2022,MAP,RB9,82.9,70.5,4.81,-25.3812,12.3606,,12.72,43.07,,3.949166667,,,,,,,,
Micropterus salmoides,Largemouth bass ,31818,2023_April_10_Sturges_UM_CN,finclip ,predator,,3/12/2022,2022,MAP,RB8,55.8,48.2,2.792,-26.8332,10.8606,,5.49,20.55,,4.369166667,,,,,,,,
Micropterus salmoides,Largemouth bass ,31016,2023_April_10_Sturges_UM_CN,finclip ,predator,,3/12/2022,2022,MAP,RB8,45.8,38.2,2.446,-27.6012,12.6726,,18.94,64.38,,3.9655,,,,,,,,
Micropterus salmoides,Largemouth bass ,31015,2023_April_10_Sturges_UM_CN,finclip ,predator,,3/12/2022,2022,MAP,RB8,47.8,41.6,1.727,-27.0142,12.2496,,7.89,28.62,,4.2315,,,,,,,,
Micropterus salmoides,Largemouth bass ,31014,2023_April_10_Sturges_UM_CN,finclip ,predator,,3/12/2022,2022,MAP,RB8,57.6,48.2,3.025,-25.0182,11.5896,,6.09,21.45,,4.111333333,,,,,,,,
Centropomus undecimalis,Snook ,58909,2023_April_10_Sturges_UM_CN,finclip ,predator,,4/9/2022,2022,MAP,Rb10,63.6,52.3,1.679,-27.1172,12.4886,,3.89,14.86,,4.456666667,,,,,,,,
Micropterus salmoides,Largemouth bass ,31017,2023_April_10_Sturges_UM_CN,finclip ,predator,,4/9/2022,2022,MAP,RB10,46.1,40.2,1.392,-26.0972,12.7986,,23.91,80.18,,3.913,,,,,,,,
Centropomus undecimalis,Snook ,58192,2023_April_10_Sturges_UM_CN,finclip ,predator,,4/9/2022,2022,MAP,RB9,81.6,,3.8,-25.5142,11.3986,,9.04,32.34,,4.173166667,,,,,,,,
Centropomus undecimalis,Snook ,58913,2023_April_10_Sturges_UM_CN,finclip ,predator,,4/9/2022,2022,MAP,RB11,65.7,54.2,1.924,-26.4992,11.5196,,5.06,20.19,,4.6585,,,,,,,,
Centropomus undecimalis,Snook ,31018,2023_April_10_Sturges_UM_CN,finclip ,predator,,5/6/2022,2022,MAP,TB3,67.3,80.4,3.989,-26.1602,12.0016,,7.02,25.25,,4.197666667,,,,,,,,
Micropterus salmoides,Largemouth bass ,25135,2023_April_10_Sturges_UM_CN,finclip ,predator,,12/9/2022,2022,MAP,RB10,52.2,44.5,2.34,-26.6216,11.3064,,14.54,52.71,,4.228,,,,,,,,
Centropomus undecimalis,Snook ,54769,2023_April_10_Sturges_UM_CN,finclip ,predator,,12/8/2022,2022,MAP,RB14,46,39.5,1.563,-24.2606,11.9754,,8.75,30.93,,4.1265,,,,,,,,
Centropomus undecimalis,Snook ,54761,2023_April_10_Sturges_UM_CN,finclip ,predator,,12/9/2022,2022,MAP,RB10,76.9,67.4,3.548,-25.2646,11.3424,,6.93,24.91,,4.195333333,,,,,,,,
Micropterus salmoides,Largemouth bass ,25133,2023_April_10_Sturges_UM_CN,finclip ,predator,,3/11/2023,2023,MAP,RB10,54.1,46.7,2.258,-26.6346,12.1254,,7.27,25.37,,4.074,,,,,,,,
Micropterus salmoides,Largemouth bass ,25138,2023_April_10_Sturges_UM_CN,finclip ,predator,,12/9/2022,2022,MAP,RB13,25.2,21.3,0.178,-26.5916,10.9324,,7.79,27.98,,4.1895,,,,,,,,
Micropterus salmoides,Largemouth bass ,25139,2023_April_10_Sturges_UM_CN,finclip ,predator,,12/8/2022,2022,MAP,RB14,58,48,3.327,-25.7736,11.7914,,8.47,29.32,,4.040166667,,,,,,,,
Centropomus undecimalis,Snook ,54765,2023_April_10_Sturges_UM_CN,finclip ,predator,,12/9/2022,2022,MAP,RB9,83.3,72.8,4.95,-26.0426,11.5524,,10.12,36.32,,4.186,,,,,,,,
Micropterus salmoides,Largemouth bass ,25137,2023_April_10_Sturges_UM_CN,finclip ,predator,,12/9/2022,2022,MAP,RB11,55.1,47.4,2.327,-26.3646,12.3224,,10.35,36.11,,4.068166667,,,,,,,,
,,,,,,,,,,,,,,,,,,,,,,,,,,,,
,,,,,,,,,,,,,,,,,,,,,,,,,,,,
,,,,,,,,,,,,,,,,,,,,,,,,,,,,
,,,,,,,,,,,,,,,,,,,,,,,,,,,,
,,,,,,,,,,,,,,,,,,,,,,,,,,,,
,,,,,,,,,,,,,,,,,,,,,,,,,,,,
,,,,,,,,,,,,,,,,,,,,,,,,,,,,
,,,,,,,,,,,,,,,,,,,,,,,,,,,,
,,,,,,,,,,,,,,,,,,,,,,,,,,,,
,,,,,,,,,,,,,,,,,,,,,,,,,,,,
,,,,,,,,,,,,,,,,,,,,,,,,,,,,
,,,,,,,,,,,,,,,,,,,,,,,,,,,,
,,,,,,,,,,,,,,,,,,,,,,,,,,,,
,,,,,,,,,,,,,,,,,,,,,,,,,,,,
,,,,,,,,,,,,,,,,,,,,,,,,,,,,
,,,,,,,,,,,,,,,,,,,,,,,,,,,,
,,,,,,,,,,,,,,,,,,,,,,,,,,,,
,,,,,,,,,,,,,,,,,,,,,,,,,,,,
,,,,,,,,,,,,,,,,,,,,,,,,,,,,
,,,,,,,,,,,,,,,,,,,,,,,,,,,,
,,,,,,,,,,,,,,,,,,,,,,,,,,,,
,,,,,,,,,,,,,,,,,,,,,,,,,,,,
,,,,,,,,,,,,,,,,,,,,,,,,,,,,
,,,,,,,,,,,,,,,,,,,,,,,,,,,,
,,,,,,,,,,,,,,,,,,,,,,,,,,,,
,,,,,,,,,,,,,,,,,,,,,,,,,,,,
,,,,,,,,,,,,,,,,,,,,,,,,,,,,
,,,,,,,,,,,,,,,,,,,,,,,,,,,,
,,,,,,,,,,,,,,,,,,,,,,,,,,,,
,,,,,,,,,,,,,,,,,,,,,,,,,,,,
,,,,,,,,,,,,,,,,,,,,,,,,,,,,
,,,,,,,,,,,,,,,,,,,,,,,,,,,,
,,,,,,,,,,,,,,,,,,,,,,,,,,,,
,,,,,,,,,,,,,,,,,,,,,,,,,,,,
,,,,,,,,,,,,,,,,,,,,,,,,,,,,
,,,,,,,,,,,,,,,,,,,,,,,,,,,,
,,,,,,,,,,,,,,,,,,,,,,,,,,,,
,,,,,,,,,,,,,,,,,,,,,,,,,,,,
,,,,,,,,,,,,,,,,,,,,,,,,,,,,
,,,,,,,,,,,,,,,,,,,,,,,,,,,,
,,,,,,,,,,,,,,,,,,,,,,,,,,,,
,,,,,,,,,,,,,,,,,,,,,,,,,,,,
,,,,,,,,,,,,,,,,,,,,,,,,,,,,
,,,,,,,,,,,,,,,,,,,,,,,,,,,,
,,,,,,,,,,,,,,,,,,,,,,,,,,,,
,,,,,,,,,,,,,,,,,,,,,,,,,,,,
,,,,,,,,,,,,,,,,,,,,,,,,,,,,
,,,,,,,,,,,,,,,,,,,,,,,,,,,,
,,,,,,,,,,,,,,,,,,,,,,,,,,,,
,,,,,,,,,,,,,,,,,,,,,,,,,,,,
,,,,,,,,,,,,,,,,,,,,,,,,,,,,
,,,,,,,,,,,,,,,,,,,,,,,,,,,,
,,,,,,,,,,,,,,,,,,,,,,,,,,,,
,,,,,,,,,,,,,,,,,,,,,,,,,,,,
,,,,,,,,,,,,,,,,,,,,,,,,,,,,
,,,,,,,,,,,,,,,,,,,,,,,,,,,,
,,,,,,,,,,,,,,,,,,,,,,,,,,,,
,,,,,,,,,,,,,,,,,,,,,,,,,,,,
,,,,,,,,,,,,,,,,,,,,,,,,,,,,
,,,,,,,,,,,,,,,,,,,,,,,,,,,,
,,,,,,,,,,,,,,,,,,,,,,,,,,,,
,,,,,,,,,,,,,,,,,,,,,,,,,,,,
,,,,,,,,,,,,,,,,,,,,,,,,,,,,
,,,,,,,,,,,,,,,,,,,,,,,,,,,,
,,,,,,,,,,,,,,,,,,,,,,,,,,,,
,,,,,,,,,,,,,,,,,,,,,,,,,,,,
,,,,,,,,,,,,,,,,,,,,,,,,,,,,
,,,,,,,,,,,,,,,,,,,,,,,,,,,,
,,,,,,,,,,,,,,,,,,,,,,,,,,,,
,,,,,,,,,,,,,,,,,,,,,,,,,,,,
,,,,,,,,,,,,,,,,,,,,,,,,,,,,
,,,,,,,,,,,,,,,,,,,,,,,,,,,,
,,,,,,,,,,,,,,,,,,,,,,,,,,,,
,,,,,,,,,,,,,,,,,,,,,,,,,,,,
,,,,,,,,,,,,,,,,,,,,,,,,,,,,
,,,,,,,,,,,,,,,,,,,,,,,,,,,,
,,,,,,,,,,,,,,,,,,,,,,,,,,,,
,,,,,,,,,,,,,,,,,,,,,,,,,,,,
,,,,,,,,,,,,,,,,,,,,,,,,,,,,
,,,,,,,,,,,,,,,,,,,,,,,,,,,,
,,,,,,,,,,,,,,,,,,,,,,,,,,,,
,,,,,,,,,,,,,,,,,,,,,,,,,,,,
,,,,,,,,,,,,,,,,,,,,,,,,,,,,
,,,,,,,,,,,,,,,,,,,,,,,,,,,,
,,,,,,,,,,,,,,,,,,,,,,,,,,,,
,,,,,,,,,,,,,,,,,,,,,,,,,,,,
,,,,,,,,,,,,,,,,,,,,,,,,,,,,
,,,,,,,,,,,,,,,,,,,,,,,,,,,,
,,,,,,,,,,,,,,,,,,,,,,,,,,,,
,,,,,,,,,,,,,,,,,,,,,,,,,,,,
,,,,,,,,,,,,,,,,,,,,,,,,,,,,
,,,,,,,,,,,,,,,,,,,,,,,,,,,,
,,,,,,,,,,,,,,,,,,,,,,,,,,,,
,,,,,,,,,,,,,,,,,,,,,,,,,,,,
,,,,,,,,,,,,,,,,,,,,,,,,,,,,
,,,,,,,,,,,,,,,,,,,,,,,,,,,,
,,,,,,,,,,,,,,,,,,,,,,,,,,,,
,,,,,,,,,,,,,,,,,,,,,,,,,,,,
,,,,,,,,,,,,,,,,,,,,,,,,,,,,
,,,,,,,,,,,,,,,,,,,,,,,,,,,,
,,,,,,,,,,,,,,,,,,,,,,,,,,,,
,,,,,,,,,,,,,,,,,,,,,,,,,,,,
,,,,,,,,,,,,,,,,,,,,,,,,,,,,
,,,,,,,,,,,,,,,,,,,,,,,,,,,,
,,,,,,,,,,,,,,,,,,,,,,,,,,,,
,,,,,,,,,,,,,,,,,,,,,,,,,,,,
,,,,,,,,,,,,,,,,,,,,,,,,,,,,
,,,,,,,,,,,,,,,,,,,,,,,,,,,,
,,,,,,,,,,,,,,,,,,,,,,,,,,,,
,,,,,,,,,,,,,,,,,,,,,,,,,,,,
,,,,,,,,,,,,,,,,,,,,,,,,,,,,
,,,,,,,,,,,,,,,,,,,,,,,,,,,,
,,,,,,,,,,,,,,,,,,,,,,,,,,,,
,,,,,,,,,,,,,,,,,,,,,,,,,,,,
,,,,,,,,,,,,,,,,,,,,,,,,,,,,
,,,,,,,,,,,,,,,,,,,,,,,,,,,,
,,,,,,,,,,,,,,,,,,,,,,,,,,,,
,,,,,,,,,,,,,,,,,,,,,,,,,,,,
,,,,,,,,,,,,,,,,,,,,,,,,,,,,
,,,,,,,,,,,,,,,,,,,,,,,,,,,,
,,,,,,,,,,,,,,,,,,,,,,,,,,,,
,,,,,,,,,,,,,,,,,,,,,,,,,,,,
,,,,,,,,,,,,,,,,,,,,,,,,,,,,
,,,,,,,,,,,,,,,,,,,,,,,,,,,,
,,,,,,,,,,,,,,,,,,,,,,,,,,,,
,,,,,,,,,,,,,,,,,,,,,,,,,,,,
,,,,,,,,,,,,,,,,,,,,,,,,,,,,
,,,,,,,,,,,,,,,,,,,,,,,,,,,,
,,,,,,,,,,,,,,,,,,,,,,,,,,,,
,,,,,,,,,,,,,,,,,,,,,,,,,,,,
,,,,,,,,,,,,,,,,,,,,,,,,,,,,
,,,,,,,,,,,,,,,,,,,,,,,,,,,,
,,,,,,,,,,,,,,,,,,,,,,,,,,,,
,,,,,,,,,,,,,,,,,,,,,,,,,,,,
,,,,,,,,,,,,,,,,,,,,,,,,,,,,
,,,,,,,,,,,,,,,,,,,,,,,,,,,,
,,,,,,,,,,,,,,,,,,,,,,,,,,,,
,,,,,,,,,,,,,,,,,,,,,,,,,,,,
,,,,,,,,,,,,,,,,,,,,,,,,,,,,
,,,,,,,,,,,,,,,,,,,,,,,,,,,,
,,,,,,,,,,,,,,,,,,,,,,,,,,,,
,,,,,,,,,,,,,,,,,,,,,,,,,,,,
,,,,,,,,,,,,,,,,,,,,,,,,,,,,
,,,,,,,,,,,,,,,,,,,,,,,,,,,,
,,,,,,,,,,,,,,,,,,,,,,,,,,,,
,,,,,,,,,,,,,,,,,,,,,,,,,,,,
,,,,,,,,,,,,,,,,,,,,,,,,,,,,
,,,,,,,,,,,,,,,,,,,,,,,,,,,,
,,,,,,,,,,,,,,,,,,,,,,,,,,,,
,,,,,,,,,,,,,,,,,,,,,,,,,,,,
,,,,,,,,,,,,,,,,,,,,,,,,,,,,
,,,,,,,,,,,,,,,,,,,,,,,,,,,,
,,,,,,,,,,,,,,,,,,,,,,,,,,,,
,,,,,,,,,,,,,,,,,,,,,,,,,,,,
,,,,,,,,,,,,,,,,,,,,,,,,,,,,
,,,,,,,,,,,,,,,,,,,,,,,,,,,,
,,,,,,,,,,,,,,,,,,,,,,,,,,,,
,,,,,,,,,,,,,,,,,,,,,,,,,,,,
,,,,,,,,,,,,,,,,,,,,,,,,,,,,
,,,,,,,,,,,,,,,,,,,,,,,,,,,,
,,,,,,,,,,,,,,,,,,,,,,,,,,,,
,,,,,,,,,,,,,,,,,,,,,,,,,,,,
,,,,,,,,,,,,,,,,,,,,,,,,,,,,
,,,,,,,,,,,,,,,,,,,,,,,,,,,,
,,,,,,,,,,,,,,,,,,,,,,,,,,,,
,,,,,,,,,,,,,,,,,,,,,,,,,,,,
,,,,,,,,,,,,,,,,,,,,,,,,,,,,
,,,,,,,,,,,,,,,,,,,,,,,,,,,,
,,,,,,,,,,,,,,,,,,,,,,,,,,,,
,,,,,,,,,,,,,,,,,,,,,,,,,,,,
,,,,,,,,,,,,,,,,,,,,,,,,,,,,
,,,,,,,,,,,,,,,,,,,,,,,,,,,,
,,,,,,,,,,,,,,,,,,,,,,,,,,,,
,,,,,,,,,,,,,,,,,,,,,,,,,,,,
,,,,,,,,,,,,,,,,,,,,,,,,,,,,
,,,,,,,,,,,,,,,,,,,,,,,,,,,,
,,,,,,,,,,,,,,,,,,,,,,,,,,,,
,,,,,,,,,,,,,,,,,,,,,,,,,,,,
,,,,,,,,,,,,,,,,,,,,,,,,,,,,
,,,,,,,,,,,,,,,,,,,,,,,,,,,,
,,,,,,,,,,,,,,,,,,,,,,,,,,,,
,,,,,,,,,,,,,,,,,,,,,,,,,,,,
,,,,,,,,,,,,,,,,,,,,,,,,,,,,
,,,,,,,,,,,,,,,,,,,,,,,,,,,,
,,,,,,,,,,,,,,,,,,,,,,,,,,,,
,,,,,,,,,,,,,,,,,,,,,,,,,,,,
,,,,,,,,,,,,,,,,,,,,,,,,,,,,
,,,,,,,,,,,,,,,,,,,,,,,,,,,,
,,,,,,,,,,,,,,,,,,,,,,,,,,,,
,,,,,,,,,,,,,,,,,,,,,,,,,,,,
,,,,,,,,,,,,,,,,,,,,,,,,,,,,
,,,,,,,,,,,,,,,,,,,,,,,,,,,,
,,,,,,,,,,,,,,,,,,,,,,,,,,,,
,,,,,,,,,,,,,,,,,,,,,,,,,,,,
,,,,,,,,,,,,,,,,,,,,,,,,,,,,
,,,,,,,,,,,,,,,,,,,,,,,,,,,,
,,,,,,,,,,,,,,,,,,,,,,,,,,,,
,,,,,,,,,,,,,,,,,,,,,,,,,,,,
,,,,,,,,,,,,,,,,,,,,,,,,,,,,
,,,,,,,,,,,,,,,,,,,,,,,,,,,,
,,,,,,,,,,,,,,,,,,,,,,,,,,,,
,,,,,,,,,,,,,,,,,,,,,,,,,,,,
,,,,,,,,,,,,,,,,,,,,,,,,,,,,
,,,,,,,,,,,,,,,,,,,,,,,,,,,,
,,,,,,,,,,,,,,,,,,,,,,,,,,,,
,,,,,,,,,,,,,,,,,,,,,,,,,,,,
,,,,,,,,,,,,,,,,,,,,,,,,,,,,
,,,,,,,,,,,,,,,,,,,,,,,,,,,,
,,,,,,,,,,,,,,,,,,,,,,,,,,,,
,,,,,,,,,,,,,,,,,,,,,,,,,,,,
,,,,,,,,,,,,,,,,,,,,,,,,,,,,
,,,,,,,,,,,,,,,,,,,,,,,,,,,,
,,,,,,,,,,,,,,,,,,,,,,,,,,,,
,,,,,,,,,,,,,,,,,,,,,,,,,,,,
,,,,,,,,,,,,,,,,,,,,,,,,,,,,
,,,,,,,,,,,,,,,,,,,,,,,,,,,,
,,,,,,,,,,,,,,,,,,,,,,,,,,,,
,,,,,,,,,,,,,,,,,,,,,,,,,,,,
,,,,,,,,,,,,,,,,,,,,,,,,,,,,
,,,,,,,,,,,,,,,,,,,,,,,,,,,,
,,,,,,,,,,,,,,,,,,,,,,,,,,,,
,,,,,,,,,,,,,,,,,,,,,,,,,,,,
,,,,,,,,,,,,,,,,,,,,,,,,,,,,
,,,,,,,,,,,,,,,,,,,,,,,,,,,,
,,,,,,,,,,,,,,,,,,,,,,,,,,,,
,,,,,,,,,,,,,,,,,,,,,,,,,,,,
,,,,,,,,,,,,,,,,,,,,,,,,,,,,
,,,,,,,,,,,,,,,,,,,,,,,,,,,,
,,,,,,,,,,,,,,,,,,,,,,,,,,,,
,,,,,,,,,,,,,,,,,,,,,,,,,,,,
,,,,,,,,,,,,,,,,,,,,,,,,,,,,
,,,,,,,,,,,,,,,,,,,,,,,,,,,,
,,,,,,,,,,,,,,,,,,,,,,,,,,,,
,,,,,,,,,,,,,,,,,,,,,,,,,,,,
,,,,,,,,,,,,,,,,,,,,,,,,,,,,
,,,,,,,,,,,,,,,,,,,,,,,,,,,,
,,,,,,,,,,,,,,,,,,,,,,,,,,,,
,,,,,,,,,,,,,,,,,,,,,,,,,,,,
,,,,,,,,,,,,,,,,,,,,,,,,,,,,
,,,,,,,,,,,,,,,,,,,,,,,,,,,,
,,,,,,,,,,,,,,,,,,,,,,,,,,,,
,,,,,,,,,,,,,,,,,,,,,,,,,,,,
,,,,,,,,,,,,,,,,,,,,,,,,,,,,
,,,,,,,,,,,,,,,,,,,,,,,,,,,,
,,,,,,,,,,,,,,,,,,,,,,,,,,,,
,,,,,,,,,,,,,,,,,,,,,,,,,,,,
,,,,,,,,,,,,,,,,,,,,,,,,,,,,
,,,,,,,,,,,,,,,,,,,,,,,,,,,,
,,,,,,,,,,,,,,,,,,,,,,,,,,,,
,,,,,,,,,,,,,,,,,,,,,,,,,,,,
,,,,,,,,,,,,,,,,,,,,,,,,,,,,
,,,,,,,,,,,,,,,,,,,,,,,,,,,,
,,,,,,,,,,,,,,,,,,,,,,,,,,,,
,,,,,,,,,,,,,,,,,,,,,,,,,,,,
,,,,,,,,,,,,,,,,,,,,,,,,,,,,
,,,,,,,,,,,,,,,,,,,,,,,,,,,,
,,,,,,,,,,,,,,,,,,,,,,,,,,,,
,,,,,,,,,,,,,,,,,,,,,,,,,,,,
,,,,,,,,,,,,,,,,,,,,,,,,,,,,
,,,,,,,,,,,,,,,,,,,,,,,,,,,,
,,,,,,,,,,,,,,,,,,,,,,,,,,,,
,,,,,,,,,,,,,,,,,,,,,,,,,,,,
,,,,,,,,,,,,,,,,,,,,,,,,,,,,
,,,,,,,,,,,,,,,,,,,,,,,,,,,,
,,,,,,,,,,,,,,,,,,,,,,,,,,,,
,,,,,,,,,,,,,,,,,,,,,,,,,,,,
,,,,,,,,,,,,,,,,,,,,,,,,,,,,
,,,,,,,,,,,,,,,,,,,,,,,,,,,,
,,,,,,,,,,,,,,,,,,,,,,,,,,,,
,,,,,,,,,,,,,,,,,,,,,,,,,,,,
,,,,,,,,,,,,,,,,,,,,,,,,,,,,
,,,,,,,,,,,,,,,,,,,,,,,,,,,,
,,,,,,,,,,,,,,,,,,,,,,,,,,,,
,,,,,,,,,,,,,,,,,,,,,,,,,,,,
,,,,,,,,,,,,,,,,,,,,,,,,,,,,
,,,,,,,,,,,,,,,,,,,,,,,,,,,,
,,,,,,,,,,,,,,,,,,,,,,,,,,,,
,,,,,,,,,,,,,,,,,,,,,,,,,,,,
,,,,,,,,,,,,,,,,,,,,,,,,,,,,
,,,,,,,,,,,,,,,,,,,,,,,,,,,,
,,,,,,,,,,,,,,,,,,,,,,,,,,,,
,,,,,,,,,,,,,,,,,,,,,,,,,,,,
,,,,,,,,,,,,,,,,,,,,,,,,,,,,
,,,,,,,,,,,,,,,,,,,,,,,,,,,,
,,,,,,,,,,,,,,,,,,,,,,,,,,,,
,,,,,,,,,,,,,,,,,,,,,,,,,,,,
,,,,,,,,,,,,,,,,,,,,,,,,,,,,
,,,,,,,,,,,,,,,,,,,,,,,,,,,,
,,,,,,,,,,,,,,,,,,,,,,,,,,,,
,,,,,,,,,,,,,,,,,,,,,,,,,,,,
,,,,,,,,,,,,,,,,,,,,,,,,,,,,
,,,,,,,,,,,,,,,,,,,,,,,,,,,,
,,,,,,,,,,,,,,,,,,,,,,,,,,,,
,,,,,,,,,,,,,,,,,,,,,,,,,,,,
,,,,,,,,,,,,,,,,,,,,,,,,,,,,
,,,,,,,,,,,,,,,,,,,,,,,,,,,,
,,,,,,,,,,,,,,,,,,,,,,,,,,,,
,,,,,,,,,,,,,,,,,,,,,,,,,,,,
,,,,,,,,,,,,,,,,,,,,,,,,,,,,
,,,,,,,,,,,,,,,,,,,,,,,,,,,,
,,,,,,,,,,,,,,,,,,,,,,,,,,,,
,,,,,,,,,,,,,,,,,,,,,,,,,,,,
,,,,,,,,,,,,,,,,,,,,,,,,,,,,
,,,,,,,,,,,,,,,,,,,,,,,,,,,,
,,,,,,,,,,,,,,,,,,,,,,,,,,,,
,,,,,,,,,,,,,,,,,,,,,,,,,,,,
,,,,,,,,,,,,,,,,,,,,,,,,,,,,
,,,,,,,,,,,,,,,,,,,,,,,,,,,,
,,,,,,,,,,,,,,,,,,,,,,,,,,,,
,,,,,,,,,,,,,,,,,,,,,,,,,,,,
,,,,,,,,,,,,,,,,,,,,,,,,,,,,
,,,,,,,,,,,,,,,,,,,,,,,,,,,,
,,,,,,,,,,,,,,,,,,,,,,,,,,,,
,,,,,,,,,,,,,,,,,,,,,,,,,,,,
,,,,,,,,,,,,,,,,,,,,,,,,,,,,
,,,,,,,,,,,,,,,,,,,,,,,,,,,,
,,,,,,,,,,,,,,,,,,,,,,,,,,,,
,,,,,,,,,,,,,,,,,,,,,,,,,,,,
,,,,,,,,,,,,,,,,,,,,,,,,,,,,
,,,,,,,,,,,,,,,,,,,,,,,,,,,,
,,,,,,,,,,,,,,,,,,,,,,,,,,,,
,,,,,,,,,,,,,,,,,,,,,,,,,,,,
,,,,,,,,,,,,,,,,,,,,,,,,,,,,
,,,,,,,,,,,,,,,,,,,,,,,,,,,,
,,,,,,,,,,,,,,,,,,,,,,,,,,,,
,,,,,,,,,,,,,,,,,,,,,,,,,,,,
,,,,,,,,,,,,,,,,,,,,,,,,,,,,
,,,,,,,,,,,,,,,,,,,,,,,,,,,,
,,,,,,,,,,,,,,,,,,,,,,,,,,,,
,,,,,,,,,,,,,,,,,,,,,,,,,,,,
,,,,,,,,,,,,,,,,,,,,,,,,,,,,
,,,,,,,,,,,,,,,,,,,,,,,,,,,,
,,,,,,,,,,,,,,,,,,,,,,,,,,,,
,,,,,,,,,,,,,,,,,,,,,,,,,,,,
,,,,,,,,,,,,,,,,,,,,,,,,,,,,
,,,,,,,,,,,,,,,,,,,,,,,,,,,,
,,,,,,,,,,,,,,,,,,,,,,,,,,,,
,,,,,,,,,,,,,,,,,,,,,,,,,,,,
,,,,,,,,,,,,,,,,,,,,,,,,,,,,
,,,,,,,,,,,,,,,,,,,,,,,,,,,,
,,,,,,,,,,,,,,,,,,,,,,,,,,,,
,,,,,,,,,,,,,,,,,,,,,,,,,,,,
,,,,,,,,,,,,,,,,,,,,,,,,,,,,
,,,,,,,,,,,,,,,,,,,,,,,,,,,,
,,,,,,,,,,,,,,,,,,,,,,,,,,,,
,,,,,,,,,,,,,,,,,,,,,,,,,,,,
,,,,,,,,,,,,,,,,,,,,,,,,,,,,
,,,,,,,,,,,,,,,,,,,,,,,,,,,,
,,,,,,,,,,,,,,,,,,,,,,,,,,,,
,,,,,,,,,,,,,,,,,,,,,,,,,,,,
,,,,,,,,,,,,,,,,,,,,,,,,,,,,
,,,,,,,,,,,,,,,,,,,,,,,,,,,,
,,,,,,,,,,,,,,,,,,,,,,,,,,,,
,,,,,,,,,,,,,,,,,,,,,,,,,,,,
,,,,,,,,,,,,,,,,,,,,,,,,,,,,
,,,,,,,,,,,,,,,,,,,,,,,,,,,,
,,,,,,,,,,,,,,,,,,,,,,,,,,,,
,,,,,,,,,,,,,,,,,,,,,,,,,,,,
,,,,,,,,,,,,,,,,,,,,,,,,,,,,
,,,,,,,,,,,,,,,,,,,,,,,,,,,,
,,,,,,,,,,,,,,,,,,,,,,,,,,,,
,,,,,,,,,,,,,,,,,,,,,,,,,,,,
,,,,,,,,,,,,,,,,,,,,,,,,,,,,
,,,,,,,,,,,,,,,,,,,,,,,,,,,,
,,,,,,,,,,,,,,,,,,,,,,,,,,,,
,,,,,,,,,,,,,,,,,,,,,,,,,,,,
,,,,,,,,,,,,,,,,,,,,,,,,,,,,
,,,,,,,,,,,,,,,,,,,,,,,,,,,,
,,,,,,,,,,,,,,,,,,,,,,,,,,,,
,,,,,,,,,,,,,,,,,,,,,,,,,,,,
,,,,,,,,,,,,,,,,,,,,,,,,,,,,
,,,,,,,,,,,,,,,,,,,,,,,,,,,,
,,,,,,,,,,,,,,,,,,,,,,,,,,,,
,,,,,,,,,,,,,,,,,,,,,,,,,,,,
,,,,,,,,,,,,,,,,,,,,,,,,,,,,
,,,,,,,,,,,,,,,,,,,,,,,,,,,,
,,,,,,,,,,,,,,,,,,,,,,,,,,,,
,,,,,,,,,,,,,,,,,,,,,,,,,,,,
,,,,,,,,,,,,,,,,,,,,,,,,,,,,
,,,,,,,,,,,,,,,,,,,,,,,,,,,,
,,,,,,,,,,,,,,,,,,,,,,,,,,,,
,,,,,,,,,,,,,,,,,,,,,,,,,,,,
,,,,,,,,,,,,,,,,,,,,,,,,,,,,
,,,,,,,,,,,,,,,,,,,,,,,,,,,,
,,,,,,,,,,,,,,,,,,,,,,,,,,,,
,,,,,,,,,,,,,,,,,,,,,,,,,,,,
,,,,,,,,,,,,,,,,,,,,,,,,,,,,
,,,,,,,,,,,,,,,,,,,,,,,,,,,,
,,,,,,,,,,,,,,,,,,,,,,,,,,,,
,,,,,,,,,,,,,,,,,,,,,,,,,,,,
,,,,,,,,,,,,,,,,,,,,,,,,,,,,
,,,,,,,,,,,,,,,,,,,,,,,,,,,,
,,,,,,,,,,,,,,,,,,,,,,,,,,,,
,,,,,,,,,,,,,,,,,,,,,,,,,,,,
,,,,,,,,,,,,,,,,,,,,,,,,,,,,
,,,,,,,,,,,,,,,,,,,,,,,,,,,,
,,,,,,,,,,,,,,,,,,,,,,,,,,,,
,,,,,,,,,,,,,,,,,,,,,,,,,,,,
,,,,,,,,,,,,,,,,,,,,,,,,,,,,
,,,,,,,,,,,,,,,,,,,,,,,,,,,,
,,,,,,,,,,,,,,,,,,,,,,,,,,,,
,,,,,,,,,,,,,,,,,,,,,,,,,,,,
,,,,,,,,,,,,,,,,,,,,,,,,,,,,
,,,,,,,,,,,,,,,,,,,,,,,,,,,,
,,,,,,,,,,,,,,,,,,,,,,,,,,,,
,,,,,,,,,,,,,,,,,,,,,,,,,,,,
,,,,,,,,,,,,,,,,,,,,,,,,,,,,
,,,,,,,,,,,,,,,,,,,,,,,,,,,,
,,,,,,,,,,,,,,,,,,,,,,,,,,,,
,,,,,,,,,,,,,,,,,,,,,,,,,,,,
,,,,,,,,,,,,,,,,,,,,,,,,,,,,
,,,,,,,,,,,,,,,,,,,,,,,,,,,,
,,,,,,,,,,,,,,,,,,,,,,,,,,,,
,,,,,,,,,,,,,,,,,,,,,,,,,,,,
,,,,,,,,,,,,,,,,,,,,,,,,,,,,
,,,,,,,,,,,,,,,,,,,,,,,,,,,,
,,,,,,,,,,,,,,,,,,,,,,,,,,,,
,,,,,,,,,,,,,,,,,,,,,,,,,,,,
,,,,,,,,,,,,,,,,,,,,,,,,,,,,
,,,,,,,,,,,,,,,,,,,,,,,,,,,,
,,,,,,,,,,,,,,,,,,,,,,,,,,,,
,,,,,,,,,,,,,,,,,,,,,,,,,,,,
,,,,,,,,,,,,,,,,,,,,,,,,,,,,
,,,,,,,,,,,,,,,,,,,,,,,,,,,,
,,,,,,,,,,,,,,,,,,,,,,,,,,,,
,,,,,,,,,,,,,,,,,,,,,,,,,,,,
,,,,,,,,,,,,,,,,,,,,,,,,,,,,
,,,,,,,,,,,,,,,,,,,,,,,,,,,,
,,,,,,,,,,,,,,,,,,,,,,,,,,,,
,,,,,,,,,,,,,,,,,,,,,,,,,,,,
,,,,,,,,,,,,,,,,,,,,,,,,,,,,
,,,,,,,,,,,,,,,,,,,,,,,,,,,,
,,,,,,,,,,,,,,,,,,,,,,,,,,,,
,,,,,,,,,,,,,,,,,,,,,,,,,,,,
,,,,,,,,,,,,,,,,,,,,,,,,,,,,
,,,,,,,,,,,,,,,,,,,,,,,,,,,,
,,,,,,,,,,,,,,,,,,,,,,,,,,,,
,,,,,,,,,,,,,,,,,,,,,,,,,,,,
,,,,,,,,,,,,,,,,,,,,,,,,,,,,
,,,,,,,,,,,,,,,,,,,,,,,,,,,,
,,,,,,,,,,,,,,,,,,,,,,,,,,,,
,,,,,,,,,,,,,,,,,,,,,,,,,,,,
,,,,,,,,,,,,,,,,,,,,,,,,,,,,
,,,,,,,,,,,,,,,,,,,,,,,,,,,,
,,,,,,,,,,,,,,,,,,,,,,,,,,,,
,,,,,,,,,,,,,,,,,,,,,,,,,,,,
,,,,,,,,,,,,,,,,,,,,,,,,,,,,
,,,,,,,,,,,,,,,,,,,,,,,,,,,,
,,,,,,,,,,,,,,,,,,,,,,,,,,,,
,,,,,,,,,,,,,,,,,,,,,,,,,,,,
,,,,,,,,,,,,,,,,,,,,,,,,,,,,
,,,,,,,,,,,,,,,,,,,,,,,,,,,,
,,,,,,,,,,,,,,,,,,,,,,,,,,,,
,,,,,,,,,,,,,,,,,,,,,,,,,,,,
,,,,,,,,,,,,,,,,,,,,,,,,,,,,
,,,,,,,,,,,,,,,,,,,,,,,,,,,,
,,,,,,,,,,,,,,,,,,,,,,,,,,,,
,,,,,,,,,,,,,,,,,,,,,,,,,,,,
,,,,,,,,,,,,,,,,,,,,,,,,,,,,
,,,,,,,,,,,,,,,,,,,,,,,,,,,,
,,,,,,,,,,,,,,,,,,,,,,,,,,,,
,,,,,,,,,,,,,,,,,,,,,,,,,,,,
,,,,,,,,,,,,,,,,,,,,,,,,,,,,
,,,,,,,,,,,,,,,,,,,,,,,,,,,,
,,,,,,,,,,,,,,,,,,,,,,,,,,,,
,,,,,,,,,,,,,,,,,,,,,,,,,,,,
,,,,,,,,,,,,,,,,,,,,,,,,,,,,
,,,,,,,,,,,,,,,,,,,,,,,,,,,,
,,,,,,,,,,,,,,,,,,,,,,,,,,,,
,,,,,,,,,,,,,,,,,,,,,,,,,,,,
,,,,,,,,,,,,,,,,,,,,,,,,,,,,
,,,,,,,,,,,,,,,,,,,,,,,,,,,,
,,,,,,,,,,,,,,,,,,,,,,,,,,,,
,,,,,,,,,,,,,,,,,,,,,,,,,,,,
,,,,,,,,,,,,,,,,,,,,,,,,,,,,
,,,,,,,,,,,,,,,,,,,,,,,,,,,,
,,,,,,,,,,,,,,,,,,,,,,,,,,,,
,,,,,,,,,,,,,,,,,,,,,,,,,,,,
,,,,,,,,,,,,,,,,,,,,,,,,,,,,
,,,,,,,,,,,,,,,,,,,,,,,,,,,,
,,,,,,,,,,,,,,,,,,,,,,,,,,,,
,,,,,,,,,,,,,,,,,,,,,,,,,,,,
,,,,,,,,,,,,,,,,,,,,,,,,,,,,
,,,,,,,,,,,,,,,,,,,,,,,,,,,,
,,,,,,,,,,,,,,,,,,,,,,,,,,,,
,,,,,,,,,,,,,,,,,,,,,,,,,,,,
,,,,,,,,,,,,,,,,,,,,,,,,,,,,
,,,,,,,,,,,,,,,,,,,,,,,,,,,,
,,,,,,,,,,,,,,,,,,,,,,,,,,,,
,,,,,,,,,,,,,,,,,,,,,,,,,,,,
,,,,,,,,,,,,,,,,,,,,,,,,,,,,
,,,,,,,,,,,,,,,,,,,,,,,,,,,,
,,,,,,,,,,,,,,,,,,,,,,,,,,,,
,,,,,,,,,,,,,,,,,,,,,,,,,,,,
,,,,,,,,,,,,,,,,,,,,,,,,,,,,
,,,,,,,,,,,,,,,,,,,,,,,,,,,,
,,,,,,,,,,,,,,,,,,,,,,,,,,,,
,,,,,,,,,,,,,,,,,,,,,,,,,,,,
,,,,,,,,,,,,,,,,,,,,,,,,,,,,
,,,,,,,,,,,,,,,,,,,,,,,,,,,,
,,,,,,,,,,,,,,,,,,,,,,,,,,,,
,,,,,,,,,,,,,,,,,,,,,,,,,,,,
,,,,,,,,,,,,,,,,,,,,,,,,,,,,
,,,,,,,,,,,,,,,,,,,,,,,,,,,,
,,,,,,,,,,,,,,,,,,,,,,,,,,,,
,,,,,,,,,,,,,,,,,,,,,,,,,,,,
,,,,,,,,,,,,,,,,,,,,,,,,,,,,
,,,,,,,,,,,,,,,,,,,,,,,,,,,,
,,,,,,,,,,,,,,,,,,,,,,,,,,,,
,,,,,,,,,,,,,,,,,,,,,,,,,,,,
,,,,,,,,,,,,,,,,,,,,,,,,,,,,
,,,,,,,,,,,,,,,,,,,,,,,,,,,,
,,,,,,,,,,,,,,,,,,,,,,,,,,,,
,,,,,,,,,,,,,,,,,,,,,,,,,,,,
,,,,,,,,,,,,,,,,,,,,,,,,,,,,
,,,,,,,,,,,,,,,,,,,,,,,,,,,,
,,,,,,,,,,,,,,,,,,,,,,,,,,,,
,,,,,,,,,,,,,,,,,,,,,,,,,,,,
,,,,,,,,,,,,,,,,,,,,,,,,,,,,
,,,,,,,,,,,,,,,,,,,,,,,,,,,,
,,,,,,,,,,,,,,,,,,,,,,,,,,,,
,,,,,,,,,,,,,,,,,,,,,,,,,,,,
,,,,,,,,,,,,,,,,,,,,,,,,,,,,
,,,,,,,,,,,,,,,,,,,,,,,,,,,,
,,,,,,,,,,,,,,,,,,,,,,,,,,,,
,,,,,,,,,,,,,,,,,,,,,,,,,,,,
,,,,,,,,,,,,,,,,,,,,,,,,,,,,
,,,,,,,,,,,,,,,,,,,,,,,,,,,,
,,,,,,,,,,,,,,,,,,,,,,,,,,,,
,,,,,,,,,,,,,,,,,,,,,,,,,,,,
,,,,,,,,,,,,,,,,,,,,,,,,,,,,
,,,,,,,,,,,,,,,,,,,,,,,,,,,,
,,,,,,,,,,,,,,,,,,,,,,,,,,,,
,,,,,,,,,,,,,,,,,,,,,,,,,,,,
,,,,,,,,,,,,,,,,,,,,,,,,,,,,
,,,,,,,,,,,,,,,,,,,,,,,,,,,,
,,,,,,,,,,,,,,,,,,,,,,,,,,,,
,,,,,,,,,,,,,,,,,,,,,,,,,,,,
,,,,,,,,,,,,,,,,,,,,,,,,,,,,
,,,,,,,,,,,,,,,,,,,,,,,,,,,,
,,,,,,,,,,,,,,,,,,,,,,,,,,,,
,,,,,,,,,,,,,,,,,,,,,,,,,,,,
,,,,,,,,,,,,,,,,,,,,,,,,,,,,
,,,,,,,,,,,,,,,,,,,,,,,,,,,,
,,,,,,,,,,,,,,,,,,,,,,,,,,,,
,,,,,,,,,,,,,,,,,,,,,,,,,,,,
,,,,,,,,,,,,,,,,,,,,,,,,,,,,
,,,,,,,,,,,,,,,,,,,,,,,,,,,,
,,,,,,,,,,,,,,,,,,,,,,,,,,,,
,,,,,,,,,,,,,,,,,,,,,,,,,,,,
,,,,,,,,,,,,,,,,,,,,,,,,,,,,
,,,,,,,,,,,,,,,,,,,,,,,,,,,,
,,,,,,,,,,,,,,,,,,,,,,,,,,,,
,,,,,,,,,,,,,,,,,,,,,,,,,,,,
,,,,,,,,,,,,,,,,,,,,,,,,,,,,
,,,,,,,,,,,,,,,,,,,,,,,,,,,,
,,,,,,,,,,,,,,,,,,,,,,,,,,,,
,,,,,,,,,,,,,,,,,,,,,,,,,,,,
,,,,,,,,,,,,,,,,,,,,,,,,,,,,
,,,,,,,,,,,,,,,,,,,,,,,,,,,,
,,,,,,,,,,,,,,,,,,,,,,,,,,,,
,,,,,,,,,,,,,,,,,,,,,,,,,,,,
,,,,,,,,,,,,,,,,,,,,,,,,,,,,
,,,,,,,,,,,,,,,,,,,,,,,,,,,,
,,,,,,,,,,,,,,,,,,,,,,,,,,,,
,,,,,,,,,,,,,,,,,,,,,,,,,,,,
,,,,,,,,,,,,,,,,,,,,,,,,,,,,
,,,,,,,,,,,,,,,,,,,,,,,,,,,,
,,,,,,,,,,,,,,,,,,,,,,,,,,,,
,,,,,,,,,,,,,,,,,,,,,,,,,,,,
,,,,,,,,,,,,,,,,,,,,,,,,,,,,
,,,,,,,,,,,,,,,,,,,,,,,,,,,,
,,,,,,,,,,,,,,,,,,,,,,,,,,,,
,,,,,,,,,,,,,,,,,,,,,,,,,,,,
,,,,,,,,,,,,,,,,,,,,,,,,,,,,
,,,,,,,,,,,,,,,,,,,,,,,,,,,,
,,,,,,,,,,,,,,,,,,,,,,,,,,,,
,,,,,,,,,,,,,,,,,,,,,,,,,,,,
,,,,,,,,,,,,,,,,,,,,,,,,,,,,
,,,,,,,,,,,,,,,,,,,,,,,,,,,,
,,,,,,,,,,,,,,,,,,,,,,,,,,,,
,,,,,,,,,,,,,,,,,,,,,,,,,,,,
,,,,,,,,,,,,,,,,,,,,,,,,,,,,
,,,,,,,,,,,,,,,,,,,,,,,,,,,,
,,,,,,,,,,,,,,,,,,,,,,,,,,,,
,,,,,,,,,,,,,,,,,,,,,,,,,,,,
,,,,,,,,,,,,,,,,,,,,,,,,,,,,
,,,,,,,,,,,,,,,,,,,,,,,,,,,,
,,,,,,,,,,,,,,,,,,,,,,,,,,,,
,,,,,,,,,,,,,,,,,,,,,,,,,,,,
,,,,,,,,,,,,,,,,,,,,,,,,,,,,
,,,,,,,,,,,,,,,,,,,,,,,,,,,,
,,,,,,,,,,,,,,,,,,,,,,,,,,,,
,,,,,,,,,,,,,,,,,,,,,,,,,,,,
,,,,,,,,,,,,,,,,,,,,,,,,,,,,
,,,,,,,,,,,,,,,,,,,,,,,,,,,,
,,,,,,,,,,,,,,,,,,,,,,,,,,,,
,,,,,,,,,,,,,,,,,,,,,,,,,,,,
,,,,,,,,,,,,,,,,,,,,,,,,,,,,
,,,,,,,,,,,,,,,,,,,,,,,,,,,,
,,,,,,,,,,,,,,,,,,,,,,,,,,,,
,,,,,,,,,,,,,,,,,,,,,,,,,,,,
,,,,,,,,,,,,,,,,,,,,,,,,,,,,
,,,,,,,,,,,,,,,,,,,,,,,,,,,,
,,,,,,,,,,,,,,,,,,,,,,,,,,,,
,,,,,,,,,,,,,,,,,,,,,,,,,,,,
,,,,,,,,,,,,,,,,,,,,,,,,,,,,
,,,,,,,,,,,,,,,,,,,,,,,,,,,,
,,,,,,,,,,,,,,,,,,,,,,,,,,,,
,,,,,,,,,,,,,,,,,,,,,,,,,,,,
,,,,,,,,,,,,,,,,,,,,,,,,,,,,
,,,,,,,,,,,,,,,,,,,,,,,,,,,,
,,,,,,,,,,,,,,,,,,,,,,,,,,,,
,,,,,,,,,,,,,,,,,,,,,,,,,,,,
,,,,,,,,,,,,,,,,,,,,,,,,,,,,
,,,,,,,,,,,,,,,,,,,,,,,,,,,,
,,,,,,,,,,,,,,,,,,,,,,,,,,,,
,,,,,,,,,,,,,,,,,,,,,,,,,,,,
,,,,,,,,,,,,,,,,,,,,,,,,,,,,
,,,,,,,,,,,,,,,,,,,,,,,,,,,,
,,,,,,,,,,,,,,,,,,,,,,,,,,,,
,,,,,,,,,,,,,,,,,,,,,,,,,,,,
,,,,,,,,,,,,,,,,,,,,,,,,,,,,
,,,,,,,,,,,,,,,,,,,,,,,,,,,,
,,,,,,,,,,,,,,,,,,,,,,,,,,,,
,,,,,,,,,,,,,,,,,,,,,,,,,,,,
,,,,,,,,,,,,,,,,,,,,,,,,,,,,
,,,,,,,,,,,,,,,,,,,,,,,,,,,,
,,,,,,,,,,,,,,,,,,,,,,,,,,,,
,,,,,,,,,,,,,,,,,,,,,,,,,,,,
,,,,,,,,,,,,,,,,,,,,,,,,,,,,
,,,,,,,,,,,,,,,,,,,,,,,,,,,,
,,,,,,,,,,,,,,,,,,,,,,,,,,,,
,,,,,,,,,,,,,,,,,,,,,,,,,,,,
,,,,,,,,,,,,,,,,,,,,,,,,,,,,
,,,,,,,,,,,,,,,,,,,,,,,,,,,,
,,,,,,,,,,,,,,,,,,,,,,,,,,,,
,,,,,,,,,,,,,,,,,,,,,,,,,,,,
,,,,,,,,,,,,,,,,,,,,,,,,,,,,
,,,,,,,,,,,,,,,,,,,,,,,,,,,,
,,,,,,,,,,,,,,,,,,,,,,,,,,,,
,,,,,,,,,,,,,,,,,,,,,,,,,,,,
,,,,,,,,,,,,,,,,,,,,,,,,,,,,
,,,,,,,,,,,,,,,,,,,,,,,,,,,,
,,,,,,,,,,,,,,,,,,,,,,,,,,,,
,,,,,,,,,,,,,,,,,,,,,,,,,,,,
,,,,,,,,,,,,,,,,,,,,,,,,,,,,
,,,,,,,,,,,,,,,,,,,,,,,,,,,,
,,,,,,,,,,,,,,,,,,,,,,,,,,,,
,,,,,,,,,,,,,,,,,,,,,,,,,,,,
,,,,,,,,,,,,,,,,,,,,,,,,,,,,
,,,,,,,,,,,,,,,,,,,,,,,,,,,,
,,,,,,,,,,,,,,,,,,,,,,,,,,,,
,,,,,,,,,,,,,,,,,,,,,,,,,,,,
,,,,,,,,,,,,,,,,,,,,,,,,,,,,
,,,,,,,,,,,,,,,,,,,,,,,,,,,,
,,,,,,,,,,,,,,,,,,,,,,,,,,,,
,,,,,,,,,,,,,,,,,,,,,,,,,,,,
,,,,,,,,,,,,,,,,,,,,,,,,,,,,
,,,,,,,,,,,,,,,,,,,,,,,,,,,,
,,,,,,,,,,,,,,,,,,,,,,,,,,,,
,,,,,,,,,,,,,,,,,,,,,,,,,,,,
,,,,,,,,,,,,,,,,,,,,,,,,,,,,
,,,,,,,,,,,,,,,,,,,,,,,,,,,,
,,,,,,,,,,,,,,,,,,,,,,,,,,,,
,,,,,,,,,,,,,,,,,,,,,,,,,,,,
,,,,,,,,,,,,,,,,,,,,,,,,,,,,
,,,,,,,,,,,,,,,,,,,,,,,,,,,,
,,,,,,,,,,,,,,,,,,,,,,,,,,,,
,,,,,,,,,,,,,,,,,,,,,,,,,,,,
,,,,,,,,,,,,,,,,,,,,,,,,,,,,
,,,,,,,,,,,,,,,,,,,,,,,,,,,,
,,,,,,,,,,,,,,,,,,,,,,,,,,,,
,,,,,,,,,,,,,,,,,,,,,,,,,,,,
,,,,,,,,,,,,,,,,,,,,,,,,,,,,
,,,,,,,,,,,,,,,,,,,,,,,,,,,,
,,,,,,,,,,,,,,,,,,,,,,,,,,,,
,,,,,,,,,,,,,,,,,,,,,,,,,,,,
,,,,,,,,,,,,,,,,,,,,,,,,,,,,
,,,,,,,,,,,,,,,,,,,,,,,,,,,,
,,,,,,,,,,,,,,,,,,,,,,,,,,,,
,,,,,,,,,,,,,,,,,,,,,,,,,,,,
,,,,,,,,,,,,,,,,,,,,,,,,,,,,
,,,,,,,,,,,,,,,,,,,,,,,,,,,,
,,,,,,,,,,,,,,,,,,,,,,,,,,,,
,,,,,,,,,,,,,,,,,,,,,,,,,,,,
,,,,,,,,,,,,,,,,,,,,,,,,,,,,
,,,,,,,,,,,,,,,,,,,,,,,,,,,,
,,,,,,,,,,,,,,,,,,,,,,,,,,,,
,,,,,,,,,,,,,,,,,,,,,,,,,,,,
,,,,,,,,,,,,,,,,,,,,,,,,,,,,
,,,,,,,,,,,,,,,,,,,,,,,,,,,,
,,,,,,,,,,,,,,,,,,,,,,,,,,,,
,,,,,,,,,,,,,,,,,,,,,,,,,,,,
,,,,,,,,,,,,,,,,,,,,,,,,,,,,
,,,,,,,,,,,,,,,,,,,,,,,,,,,,
,,,,,,,,,,,,,,,,,,,,,,,,,,,,
,,,,,,,,,,,,,,,,,,,,,,,,,,,,
,,,,,,,,,,,,,,,,,,,,,,,,,,,,
,,,,,,,,,,,,,,,,,,,,,,,,,,,,
,,,,,,,,,,,,,,,,,,,,,,,,,,,,
,,,,,,,,,,,,,,,,,,,,,,,,,,,,
,,,,,,,,,,,,,,,,,,,,,,,,,,,,
,,,,,,,,,,,,,,,,,,,,,,,,,,,,
,,,,,,,,,,,,,,,,,,,,,,,,,,,,
,,,,,,,,,,,,,,,,,,,,,,,,,,,,
,,,,,,,,,,,,,,,,,,,,,,,,,,,,
,,,,,,,,,,,,,,,,,,,,,,,,,,,,
,,,,,,,,,,,,,,,,,,,,,,,,,,,,
,,,,,,,,,,,,,,,,,,,,,,,,,,,,
,,,,,,,,,,,,,,,,,,,,,,,,,,,,
,,,,,,,,,,,,,,,,,,,,,,,,,,,,
,,,,,,,,,,,,,,,,,,,,,,,,,,,,
,,,,,,,,,,,,,,,,,,,,,,,,,,,,
,,,,,,,,,,,,,,,,,,,,,,,,,,,,
,,,,,,,,,,,,,,,,,,,,,,,,,,,,
,,,,,,,,,,,,,,,,,,,,,,,,,,,,
,,,,,,,,,,,,,,,,,,,,,,,,,,,,
,,,,,,,,,,,,,,,,,,,,,,,,,,,,
,,,,,,,,,,,,,,,,,,,,,,,,,,,,
,,,,,,,,,,,,,,,,,,,,,,,,,,,,
,,,,,,,,,,,,,,,,,,,,,,,,,,,,
,,,,,,,,,,,,,,,,,,,,,,,,,,,,
,,,,,,,,,,,,,,,,,,,,,,,,,,,,
,,,,,,,,,,,,,,,,,,,,,,,,,,,,
,,,,,,,,,,,,,,,,,,,,,,,,,,,,
,,,,,,,,,,,,,,,,,,,,,,,,,,,,
,,,,,,,,,,,,,,,,,,,,,,,,,,,,
,,,,,,,,,,,,,,,,,,,,,,,,,,,,
,,,,,,,,,,,,,,,,,,,,,,,,,,,,
,,,,,,,,,,,,,,,,,,,,,,,,,,,,
,,,,,,,,,,,,,,,,,,,,,,,,,,,,
,,,,,,,,,,,,,,,,,,,,,,,,,,,,
,,,,,,,,,,,,,,,,,,,,,,,,,,,,
,,,,,,,,,,,,,,,,,,,,,,,,,,,,
,,,,,,,,,,,,,,,,,,,,,,,,,,,,
,,,,,,,,,,,,,,,,,,,,,,,,,,,,
,,,,,,,,,,,,,,,,,,,,,,,,,,,,
,,,,,,,,,,,,,,,,,,,,,,,,,,,,
